'AFIP';'I';11.24;262.00;38.33;269.50;None;0;0;0;0;0;0;'I';'plantillas/afip.png';2
'ALIAS';'T';11.20;49.20;27.40;55.20;'Arial';10;0;0;0;0;0;'I';'Alias:';0
'ALIASFCE';'T';29.10;49.50;99.90;55.50;'Arial';10;0;0;0;0;65535;'I';None;0
'CAE';'T';27.20;273.60;54.30;277.60;'Arial';10;1;0;0;0;0;'I';'61101021770094';0
'CAE.L';'T';10.20;273.60;26.20;277.60;'Arial';10;1;0;0;0;0;'I';'C.A.E. N\xba';0
'CAE.Vencimiento';'T';84.60;273.60;103.30;277.60;'Arial';10;1;0;0;0;0;'I';'31/12/2010';0
'CAE.Vencimiento.L';'T';56.60;273.60;83.60;277.60;'Arial';10;1;0;0;0;0;'I';'Fecha Vto. CAE:';0
'CBU';'T';10.90;43.90;27.10;49.90;'Arial';10;0;0;0;0;0;'I';'CBU:';0
'CBUFCE';'T';28.80;43.80;99.60;49.80;'Arial';10;0;0;0;0;65535;'I';None;0
'CONDVTA';'T';102.10;49.30;118.30;55.30;'Arial';10;0;0;0;0;0;'I';'Cond Vta:';0
'CUIT';'T';106.10;33.40;157.10;38.40;'Arial';10;0;0;0;0;0;'C';'';2
'Cliente';'T';9.60;58.60;25.80;64.60;'Arial';10;0;0;0;0;0;'I';'Sr.(s):';0
'Cliente.CUIT';'T';101.50;73.50;141.50;78.50;'Arial';10;0;0;0;0;65535;'I';None;0
'Cliente.Domicilio';'T';27.00;63.50;141.10;69.50;'Arial';10;0;0;0;0;65535;'I';None;0
'Cliente.Domicilio.L';'t';9.70;63.70;30.90;69.70;'Arial';10;0;0;0;0;0;'I';'Direcci\xf3n:';0
'Cliente.IVA.L';'T';9.60;73.60;27.80;78.60;'Arial';10;0;0;0;0;0;'I';'IVA:';0
'Cliente.Localidad.L';'T';9.50;68.10;28.50;74.10;'Arial';10;0;0;0;0;0;'I';'Localidad:';0
'Cliente.Nombre';'T';46.30;58.70;117.10;64.70;'Arial';10;0;0;0;0;65535;'I';None;0
'Cliente.Provincia.L';'T';81.50;68.50;100.50;74.50;'Arial';10;0;0;0;0;0;'I';'Provincia:';0
'Cliente.TipoDoc';'T';81.50;73.50;101.50;78.50;'Arial';10;0;0;0;0;0;'I';'CUIT:';0
'CodigoBarras';'BC';10.70;277.40;102.80;284.00;'Interleaved 2of5 NT';0.75;0;0;0;0;0;'I';'200000000001000159053338016581200810081';3
'CodigoBarrasLegible';'T';10.70;284.30;102.30;287.20;'Arial';6;0;0;0;0;0;'C';'3369345023901000161101021770094201103155';3
'Comprobante.N\xba';'T';127.70;20.20;137.70;25.70;'Arial';14;1;0;0;0;0;'I';'N\xba: ';2
'ComprobanteEx.L';'T';110.70;9.30;206.40;13.80;'Arial Black';13;0;0;0;0;0;'C';'FACTURA';2
'Cuadro';'B';8.40;8.50;208.40;287.20;'Arial';0;0;0;0;0;0;'I';None;-3
'CuadroX';'B';98.80;8.50;108.80;18.80;'Arial';0;1;0;0;0;0;'I';None;2
'EMPRESA';'T';10.10;13.10;97.80;19.10;'Arial';10;0;0;0;0;65535;'I';None;0
'EXENTO.L';'T';91.90;237.10;104.90;241.80;'Arial';9;0;0;0;0;0;'I';'Exento:';0
'Fecha';'T';146.90;25.90;186.90;32.20;'Arial';12;0;0;0;0;65535;'I';None;0
'Fecha.L';'T';127.70;26.10;145.00;32.00;'Arial';12;0;0;0;0;0;'I';'Fecha:';0
'IIBB';'T';158.10;33.40;206.10;38.40;'Arial';10;0;0;0;0;0;'C';'';2
'INICIO';'T';106.00;38.70;206.20;43.70;'Arial';10;0;0;0;0;0;'I';'';2
'IVA';'T';10.30;37.90;98.00;43.90;'Arial';10;0;0;0;0;65535;'I';None;0
'IVA10.5';'T';186.70;267.90;207.80;271.90;'Arial';9;0;0;0;0;65535;'D';None;0
'IVA10.5.L';'T';154.40;268.00;175.70;272.00;'Arial';9;0;0;0;0;0;'I';'I.V.A. 10,5%';0
'IVA2.5';'T';186.70;259.50;207.80;263.50;'Arial';9;0;0;0;0;65535;'D';None;0
'IVA2.5.L';'T';154.40;259.60;175.70;263.60;'Arial';9;0;0;0;0;0;'I';'I.V.A. 2.5%';0
'IVA21';'T';186.70;272.20;207.80;276.20;'Arial';9;0;0;0;0;65535;'D';None;0
'IVA21.L';'T';154.30;272.20;175.60;276.20;'Arial';9;0;0;0;0;0;'I';'I.V.A. 21%';0
'IVA27';'T';186.80;276.30;207.90;280.30;'Arial';9;0;0;0;0;65535;'D';None;0
'IVA27.L';'T';154.40;276.30;175.70;280.30;'Arial';9;0;0;0;0;0;'I';'I.V.A. 27%';0
'IVA5';'T';186.80;263.80;207.90;267.80;'Arial';9;0;0;0;0;65535;'D';None;0
'IVA5.L';'T';154.40;263.80;175.70;267.80;'Arial';9;0;0;0;0;0;'I';'I.V.A. 5%';0
'Item.AlicuotaIVA';'T';164.40;86.80;183.60;91.80;'Arial';8;0;0;0;0;65535;'C';'IVA';0
'Item.AlicuotaIva01';'T';164.20;91.70;171.80;95.50;'Arial';8;0;0;0;0;65535;'D';'';0
'Item.AlicuotaIva02';'T';164.20;95.70;171.80;99.50;'Arial';8;0;0;0;0;65535;'D';'';0
'Item.AlicuotaIva03';'T';164.20;99.70;171.80;103.50;'Arial';8;0;0;0;0;65535;'D';'';0
'Item.AlicuotaIva04';'T';164.20;103.70;171.80;107.50;'Arial';8;0;0;0;0;65535;'D';'';0
'Item.AlicuotaIva05';'T';164.20;107.70;171.80;111.50;'Arial';8;0;0;0;0;65535;'D';'';0
'Item.AlicuotaIva06';'T';164.20;111.70;171.80;115.50;'Arial';8;0;0;0;0;65535;'D';'';0
'Item.AlicuotaIva07';'T';164.20;115.70;171.80;119.50;'Arial';8;0;0;0;0;65535;'D';'';0
'Item.AlicuotaIva08';'T';164.20;119.70;171.80;123.50;'Arial';8;0;0;0;0;65535;'D';'';0
'Item.AlicuotaIva09';'T';164.20;123.70;171.80;127.50;'Arial';8;0;0;0;0;65535;'D';'';0
'Item.AlicuotaIva10';'T';164.20;127.70;171.80;131.50;'Arial';8;0;0;0;0;65535;'D';'';0
'Item.AlicuotaIva11';'T';164.20;131.70;171.80;135.50;'Arial';8;0;0;0;0;65535;'D';'';0
'Item.AlicuotaIva12';'T';164.20;135.70;171.80;139.50;'Arial';8;0;0;0;0;65535;'D';'';0
'Item.AlicuotaIva13';'T';164.20;139.70;171.80;143.50;'Arial';8;0;0;0;0;65535;'D';'';0
'Item.AlicuotaIva14';'T';164.20;143.70;171.80;147.50;'Arial';8;0;0;0;0;65535;'D';'';0
'Item.AlicuotaIva15';'T';164.20;147.70;171.80;151.50;'Arial';8;0;0;0;0;65535;'D';'';0
'Item.AlicuotaIva16';'T';164.20;151.70;171.80;155.50;'Arial';8;0;0;0;0;65535;'D';'';0
'Item.AlicuotaIva17';'T';164.20;155.70;171.80;159.50;'Arial';8;0;0;0;0;65535;'D';'';0
'Item.AlicuotaIva18';'T';164.20;159.70;171.80;163.50;'Arial';8;0;0;0;0;65535;'D';'';0
'Item.AlicuotaIva19';'T';164.20;163.70;171.80;167.50;'Arial';8;0;0;0;0;65535;'D';'';0
'Item.AlicuotaIva20';'T';164.20;167.70;171.80;171.50;'Arial';8;0;0;0;0;65535;'D';'';0
'Item.AlicuotaIva21';'T';164.20;171.70;171.80;175.50;'Arial';8;0;0;0;0;65535;'D';'';0
'Item.AlicuotaIva22';'T';164.20;175.70;171.80;179.50;'Arial';8;0;0;0;0;65535;'D';'';0
'Item.AlicuotaIva23';'T';164.20;179.70;171.80;183.50;'Arial';8;0;0;0;0;65535;'D';'';0
'Item.AlicuotaIva24';'T';164.20;183.70;171.80;187.50;'Arial';8;0;0;0;0;65535;'D';'';0
'Item.AlicuotaIva25';'T';164.20;187.70;171.80;191.50;'Arial';8;0;0;0;0;65535;'D';'';0
'Item.AlicuotaIva26';'T';164.20;191.70;171.80;195.50;'Arial';8;0;0;0;0;65535;'D';'';0
'Item.AlicuotaIva27';'T';164.20;195.70;171.80;199.50;'Arial';8;0;0;0;0;65535;'D';'';0
'Item.AlicuotaIva28';'T';164.20;199.70;171.80;203.50;'Arial';8;0;0;0;0;65535;'D';'';0
'Item.AlicuotaIva29';'T';164.20;203.70;171.80;207.50;'Arial';8;0;0;0;0;65535;'D';'';0
'Item.AlicuotaIva30';'T';164.20;207.70;171.80;211.50;'Arial';8;0;0;0;0;65535;'D';'';0
'Item.AlicuotaIva31';'T';164.20;211.70;171.80;215.50;'Arial';8;0;0;0;0;65535;'D';'';0
'Item.AlicuotaIva32';'T';164.20;215.70;171.80;219.50;'Arial';8;0;0;0;0;65535;'D';'';0
'Item.AlicuotaIva33';'T';164.20;219.70;171.80;223.50;'Arial';8;0;0;0;0;65535;'D';'';0
'Item.AlicuotaIva34';'T';164.20;223.70;171.80;227.50;'Arial';8;0;0;0;0;65535;'D';'';0
'Item.AlicuotaIva35';'T';164.20;227.70;171.80;231.50;'Arial';8;0;0;0;0;65535;'D';'';0
'Item.AlicuotaIva36';'T';164.20;231.70;171.80;235.50;'Arial';8;0;0;0;0;65535;'D';'';0
'Item.Bonif01';'T';137.40;91.70;147.00;95.50;'Arial';8;0;0;0;0;65535;'D';'';0
'Item.Bonif02';'T';137.40;95.70;147.00;99.50;'Arial';8;0;0;0;0;65535;'D';'';0
'Item.Bonif03';'T';137.40;99.70;147.00;103.50;'Arial';8;0;0;0;0;65535;'D';'';0
'Item.Bonif04';'T';137.40;103.70;147.00;107.50;'Arial';8;0;0;0;0;65535;'D';'';0
'Item.Bonif05';'T';137.40;107.70;147.00;111.50;'Arial';8;0;0;0;0;65535;'D';'';0
'Item.Bonif06';'T';137.40;111.70;147.00;115.50;'Arial';8;0;0;0;0;65535;'D';'';0
'Item.Bonif07';'T';137.40;115.70;147.00;119.50;'Arial';8;0;0;0;0;65535;'D';'';0
'Item.Bonif08';'T';137.40;119.70;147.00;123.50;'Arial';8;0;0;0;0;65535;'D';'';0
'Item.Bonif09';'T';137.40;123.70;147.00;127.50;'Arial';8;0;0;0;0;65535;'D';'';0
'Item.Bonif10';'T';137.40;127.70;147.00;131.50;'Arial';8;0;0;0;0;65535;'D';'';0
'Item.Bonif11';'T';137.40;131.70;147.00;135.50;'Arial';8;0;0;0;0;65535;'D';'';0
'Item.Bonif12';'T';137.40;135.70;147.00;139.50;'Arial';8;0;0;0;0;65535;'D';'';0
'Item.Bonif13';'T';137.40;139.70;147.00;143.50;'Arial';8;0;0;0;0;65535;'D';'';0
'Item.Bonif14';'T';137.40;143.70;147.00;147.50;'Arial';8;0;0;0;0;65535;'D';'';0
'Item.Bonif15';'T';137.40;147.70;147.00;151.50;'Arial';8;0;0;0;0;65535;'D';'';0
'Item.Bonif16';'T';137.40;151.70;147.00;155.50;'Arial';8;0;0;0;0;65535;'D';'';0
'Item.Bonif17';'T';137.40;155.70;147.00;159.50;'Arial';8;0;0;0;0;65535;'D';'';0
'Item.Bonif18';'T';137.40;159.70;147.00;163.50;'Arial';8;0;0;0;0;65535;'D';'';0
'Item.Bonif19';'T';137.40;163.70;147.00;167.50;'Arial';8;0;0;0;0;65535;'D';'';0
'Item.Bonif20';'T';137.40;167.70;147.00;171.50;'Arial';8;0;0;0;0;65535;'D';'';0
'Item.Bonif21';'T';137.40;171.70;147.00;175.50;'Arial';8;0;0;0;0;65535;'D';'';0
'Item.Bonif22';'T';137.40;175.70;147.00;179.50;'Arial';8;0;0;0;0;65535;'D';'';0
'Item.Bonif23';'T';137.40;179.70;147.00;183.50;'Arial';8;0;0;0;0;65535;'D';'';0
'Item.Bonif24';'T';137.40;183.70;147.00;187.50;'Arial';8;0;0;0;0;65535;'D';'';0
'Item.Bonif25';'T';137.40;187.70;147.00;191.50;'Arial';8;0;0;0;0;65535;'D';'';0
'Item.Bonif26';'T';137.40;191.70;147.00;195.50;'Arial';8;0;0;0;0;65535;'D';'';0
'Item.Bonif27';'T';137.40;195.70;147.00;199.50;'Arial';8;0;0;0;0;65535;'D';'';0
'Item.Bonif28';'T';137.40;199.70;147.00;203.50;'Arial';8;0;0;0;0;65535;'D';'';0
'Item.Bonif29';'T';137.40;203.70;147.00;207.50;'Arial';8;0;0;0;0;65535;'D';'';0
'Item.Bonif30';'T';137.40;207.70;147.00;211.50;'Arial';8;0;0;0;0;65535;'D';'';0
'Item.Bonif31';'T';137.40;211.70;147.00;215.50;'Arial';8;0;0;0;0;65535;'D';'';0
'Item.Bonif32';'T';137.40;215.70;147.00;219.50;'Arial';8;0;0;0;0;65535;'D';'';0
'Item.Bonif33';'T';137.40;219.70;147.00;223.50;'Arial';8;0;0;0;0;65535;'D';'';0
'Item.Bonif34';'T';137.40;223.70;147.00;227.50;'Arial';8;0;0;0;0;65535;'D';'';0
'Item.Bonif35';'T';137.40;227.70;147.00;231.50;'Arial';8;0;0;0;0;65535;'D';'';0
'Item.Bonif36';'T';137.40;231.70;147.00;235.50;'Arial';8;0;0;0;0;65535;'D';'';0
'Item.Bonificacion';'T';136.80;86.80;147.40;91.80;'Arial';8;0;0;0;0;65535;'C';'Bonif.';0
'Item.Cantidad';'T';124.50;86.70;135.80;91.90;'Arial';8;0;0;0;0;65535;'C';'Cantidad';0
'Item.Cantidad01';'T';124.50;91.70;135.80;95.50;'Arial';8;0;0;0;0;65535;'D';'';0
'Item.Cantidad02';'T';124.50;95.70;135.80;99.50;'Arial';8;0;0;0;0;65535;'D';'';0
'Item.Cantidad03';'T';124.50;99.70;135.80;103.50;'Arial';8;0;0;0;0;65535;'D';'';0
'Item.Cantidad04';'T';124.50;103.70;135.80;107.50;'Arial';8;0;0;0;0;65535;'D';'';0
'Item.Cantidad05';'T';124.50;107.70;135.80;111.50;'Arial';8;0;0;0;0;65535;'D';'';0
'Item.Cantidad06';'T';124.50;111.70;135.80;115.50;'Arial';8;0;0;0;0;65535;'D';'';0
'Item.Cantidad07';'T';124.50;115.70;135.80;119.50;'Arial';8;0;0;0;0;65535;'D';'';0
'Item.Cantidad08';'T';124.50;119.70;135.80;123.50;'Arial';8;0;0;0;0;65535;'D';'';0
'Item.Cantidad09';'T';124.50;123.70;135.80;127.50;'Arial';8;0;0;0;0;65535;'D';'';0
'Item.Cantidad10';'T';124.50;127.70;135.80;131.50;'Arial';8;0;0;0;0;65535;'D';'';0
'Item.Cantidad11';'T';124.50;131.70;135.80;135.50;'Arial';8;0;0;0;0;65535;'D';'';0
'Item.Cantidad12';'T';124.50;135.70;135.80;139.50;'Arial';8;0;0;0;0;65535;'D';'';0
'Item.Cantidad13';'T';124.50;139.70;135.80;143.50;'Arial';8;0;0;0;0;65535;'D';'';0
'Item.Cantidad14';'T';124.50;143.70;135.80;147.50;'Arial';8;0;0;0;0;65535;'D';'';0
'Item.Cantidad15';'T';124.50;147.70;135.80;151.50;'Arial';8;0;0;0;0;65535;'D';'';0
'Item.Cantidad16';'T';124.50;151.70;135.80;155.50;'Arial';8;0;0;0;0;65535;'D';'';0
'Item.Cantidad17';'T';124.50;155.70;135.80;159.50;'Arial';8;0;0;0;0;65535;'D';'';0
'Item.Cantidad18';'T';124.50;159.70;135.80;163.50;'Arial';8;0;0;0;0;65535;'D';'';0
'Item.Cantidad19';'T';124.50;163.70;135.80;167.50;'Arial';8;0;0;0;0;65535;'D';'';0
'Item.Cantidad20';'T';124.50;167.70;135.80;171.50;'Arial';8;0;0;0;0;65535;'D';'';0
'Item.Cantidad21';'T';124.50;171.70;135.80;175.50;'Arial';8;0;0;0;0;65535;'D';'';0
'Item.Cantidad22';'T';124.50;175.70;135.80;179.50;'Arial';8;0;0;0;0;65535;'D';'';0
'Item.Cantidad23';'T';124.50;179.70;135.80;183.50;'Arial';8;0;0;0;0;65535;'D';'';0
'Item.Cantidad24';'T';124.50;183.70;135.80;187.50;'Arial';8;0;0;0;0;65535;'D';'';0
'Item.Cantidad25';'T';124.50;187.70;135.80;191.50;'Arial';8;0;0;0;0;65535;'D';'';0
'Item.Cantidad26';'T';124.50;191.70;135.80;195.50;'Arial';8;0;0;0;0;65535;'D';'';0
'Item.Cantidad27';'T';124.50;195.70;135.80;199.50;'Arial';8;0;0;0;0;65535;'D';'';0
'Item.Cantidad28';'T';124.50;199.70;135.80;203.50;'Arial';8;0;0;0;0;65535;'D';'';0
'Item.Cantidad29';'T';124.50;203.70;135.80;207.50;'Arial';8;0;0;0;0;65535;'D';'';0
'Item.Cantidad30';'T';124.50;207.70;135.80;211.50;'Arial';8;0;0;0;0;65535;'D';'';0
'Item.Cantidad31';'T';124.50;211.70;135.80;215.50;'Arial';8;0;0;0;0;65535;'D';'';0
'Item.Cantidad32';'T';124.50;215.70;135.80;219.50;'Arial';8;0;0;0;0;65535;'D';'';0
'Item.Cantidad33';'T';124.50;219.70;135.80;223.50;'Arial';8;0;0;0;0;65535;'D';'';0
'Item.Cantidad34';'T';124.50;223.70;135.80;227.50;'Arial';8;0;0;0;0;65535;'D';'';0
'Item.Cantidad35';'T';124.50;227.70;135.80;231.50;'Arial';8;0;0;0;0;65535;'D';'';0
'Item.Cantidad36';'T';124.50;231.70;135.80;235.50;'Arial';8;0;0;0;0;65535;'D';'';0
'Item.Codigo';'T';10.20;86.70;33.30;91.70;'Arial';8;0;0;0;0;65535;'C';'Articulo';0
'Item.Codigo01';'T';10.20;91.70;33.30;95.50;'Arial';8;0;0;0;0;65535;'D';'';0
'Item.Codigo02';'T';10.20;95.70;33.30;99.50;'Arial';8;0;0;0;0;65535;'D';'';0
'Item.Codigo03';'T';10.20;99.70;33.30;103.50;'Arial';8;0;0;0;0;65535;'D';'';0
'Item.Codigo04';'T';10.20;103.70;33.30;107.50;'Arial';8;0;0;0;0;65535;'D';'';0
'Item.Codigo05';'T';10.20;107.70;33.30;111.50;'Arial';8;0;0;0;0;65535;'D';'';0
'Item.Codigo06';'T';10.20;111.70;33.30;115.50;'Arial';8;0;0;0;0;65535;'D';'';0
'Item.Codigo07';'T';10.20;115.70;33.30;119.50;'Arial';8;0;0;0;0;65535;'D';'';0
'Item.Codigo08';'T';10.20;119.70;33.30;123.50;'Arial';8;0;0;0;0;65535;'D';'';0
'Item.Codigo09';'T';10.20;123.70;33.30;127.50;'Arial';8;0;0;0;0;65535;'D';'';0
'Item.Codigo10';'T';10.20;127.70;33.30;131.50;'Arial';8;0;0;0;0;65535;'D';'';0
'Item.Codigo11';'T';10.20;131.70;33.30;135.50;'Arial';8;0;0;0;0;65535;'D';'';0
'Item.Codigo12';'T';10.20;135.70;33.30;139.50;'Arial';8;0;0;0;0;65535;'D';'';0
'Item.Codigo13';'T';10.20;139.70;33.30;143.50;'Arial';8;0;0;0;0;65535;'D';'';0
'Item.Codigo14';'T';10.20;143.70;33.30;147.50;'Arial';8;0;0;0;0;65535;'D';'';0
'Item.Codigo15';'T';10.20;147.70;33.30;151.50;'Arial';8;0;0;0;0;65535;'D';'';0
'Item.Codigo16';'T';10.20;151.70;33.30;155.50;'Arial';8;0;0;0;0;65535;'D';'';0
'Item.Codigo17';'T';10.20;155.70;33.30;159.50;'Arial';8;0;0;0;0;65535;'D';'';0
'Item.Codigo18';'T';10.20;159.70;33.30;163.50;'Arial';8;0;0;0;0;65535;'D';'';0
'Item.Codigo19';'T';10.20;163.70;33.30;167.50;'Arial';8;0;0;0;0;65535;'D';'';0
'Item.Codigo20';'T';10.20;167.70;33.30;171.50;'Arial';8;0;0;0;0;65535;'D';'';0
'Item.Codigo21';'T';10.20;171.70;33.30;175.50;'Arial';8;0;0;0;0;65535;'D';'';0
'Item.Codigo22';'T';10.20;175.70;33.30;179.50;'Arial';8;0;0;0;0;65535;'D';'';0
'Item.Codigo23';'T';10.20;179.70;33.30;183.50;'Arial';8;0;0;0;0;65535;'D';'';0
'Item.Codigo24';'T';10.20;183.70;33.30;187.50;'Arial';8;0;0;0;0;65535;'D';'';0
'Item.Codigo25';'T';10.20;187.70;33.30;191.50;'Arial';8;0;0;0;0;65535;'D';'';0
'Item.Codigo26';'T';10.20;191.70;33.30;195.50;'Arial';8;0;0;0;0;65535;'D';'';0
'Item.Codigo27';'T';10.20;195.70;33.30;199.50;'Arial';8;0;0;0;0;65535;'D';'';0
'Item.Codigo28';'T';10.20;199.70;33.30;203.50;'Arial';8;0;0;0;0;65535;'D';'';0
'Item.Codigo29';'T';10.20;203.70;33.30;207.50;'Arial';8;0;0;0;0;65535;'D';'';0
'Item.Codigo30';'T';10.20;207.70;33.30;211.50;'Arial';8;0;0;0;0;65535;'D';'';0
'Item.Codigo31';'T';10.20;211.70;33.30;215.50;'Arial';8;0;0;0;0;65535;'D';'';0
'Item.Codigo32';'T';10.20;215.70;33.30;219.50;'Arial';8;0;0;0;0;65535;'D';'';0
'Item.Codigo33';'T';10.20;219.70;33.30;223.50;'Arial';8;0;0;0;0;65535;'D';'';0
'Item.Codigo34';'T';10.20;223.70;33.30;227.50;'Arial';8;0;0;0;0;65535;'D';'';0
'Item.Codigo35';'T';10.20;227.70;33.30;231.50;'Arial';8;0;0;0;0;65535;'D';'';0
'Item.Codigo36';'T';10.20;231.70;33.30;235.50;'Arial';8;0;0;0;0;65535;'D';'';0
'Item.Dato_A01';'T';107.30;91.70;114.60;95.50;'Arial';8;0;0;0;0;65535;'D';'';0
'Item.Dato_A02';'T';107.30;95.70;114.60;99.50;'Arial';8;0;0;0;0;65535;'D';'';0
'Item.Dato_A03';'T';107.30;99.70;114.60;103.50;'Arial';8;0;0;0;0;65535;'D';'';0
'Item.Dato_A04';'T';107.30;103.70;114.60;107.50;'Arial';8;0;0;0;0;65535;'D';'';0
'Item.Dato_A05';'T';107.30;107.70;114.60;111.50;'Arial';8;0;0;0;0;65535;'D';'';0
'Item.Dato_A06';'T';107.30;111.70;114.60;115.50;'Arial';8;0;0;0;0;65535;'D';'';0
'Item.Dato_A07';'T';107.30;115.70;114.60;119.50;'Arial';8;0;0;0;0;65535;'D';'';0
'Item.Dato_A08';'T';107.30;119.70;114.60;123.50;'Arial';8;0;0;0;0;65535;'D';'';0
'Item.Dato_A09';'T';107.30;123.70;114.60;127.50;'Arial';8;0;0;0;0;65535;'D';'';0
'Item.Dato_A10';'T';107.30;127.70;114.60;131.50;'Arial';8;0;0;0;0;65535;'D';'';0
'Item.Dato_A11';'T';107.30;131.70;114.60;135.50;'Arial';8;0;0;0;0;65535;'D';'';0
'Item.Dato_A12';'T';107.30;135.70;114.60;139.50;'Arial';8;0;0;0;0;65535;'D';'';0
'Item.Dato_A13';'T';107.30;139.70;114.60;143.50;'Arial';8;0;0;0;0;65535;'D';'';0
'Item.Dato_A14';'T';107.30;143.70;114.60;147.50;'Arial';8;0;0;0;0;65535;'D';'';0
'Item.Dato_A15';'T';107.30;147.70;114.60;151.50;'Arial';8;0;0;0;0;65535;'D';'';0
'Item.Dato_A16';'T';107.30;151.70;114.60;155.50;'Arial';8;0;0;0;0;65535;'D';'';0
'Item.Dato_A17';'T';107.30;155.70;114.60;159.50;'Arial';8;0;0;0;0;65535;'D';'';0
'Item.Dato_A18';'T';107.30;159.70;114.60;163.50;'Arial';8;0;0;0;0;65535;'D';'';0
'Item.Dato_A19';'T';107.30;163.70;114.60;167.50;'Arial';8;0;0;0;0;65535;'D';'';0
'Item.Dato_A20';'T';107.30;167.70;114.60;171.50;'Arial';8;0;0;0;0;65535;'D';'';0
'Item.Dato_A21';'T';107.30;171.70;114.60;175.50;'Arial';8;0;0;0;0;65535;'D';'';0
'Item.Dato_A22';'T';107.30;175.70;114.60;179.50;'Arial';8;0;0;0;0;65535;'D';'';0
'Item.Dato_A23';'T';107.30;179.70;114.60;183.50;'Arial';8;0;0;0;0;65535;'D';'';0
'Item.Dato_A24';'T';107.30;183.70;114.60;187.50;'Arial';8;0;0;0;0;65535;'D';'';0
'Item.Dato_A25';'T';107.30;187.70;114.60;191.50;'Arial';8;0;0;0;0;65535;'D';'';0
'Item.Dato_A26';'T';107.30;191.70;114.60;195.50;'Arial';8;0;0;0;0;65535;'D';'';0
'Item.Dato_A27';'T';107.30;195.70;114.60;199.50;'Arial';8;0;0;0;0;65535;'D';'';0
'Item.Dato_A28';'T';107.30;199.70;114.60;203.50;'Arial';8;0;0;0;0;65535;'D';'';0
'Item.Dato_A29';'T';107.30;203.70;114.60;207.50;'Arial';8;0;0;0;0;65535;'D';'';0
'Item.Dato_A30';'T';107.30;207.70;114.60;211.50;'Arial';8;0;0;0;0;65535;'D';'';0
'Item.Dato_A31';'T';107.30;211.70;114.60;215.50;'Arial';8;0;0;0;0;65535;'D';'';0
'Item.Dato_A32';'T';107.30;215.70;114.60;219.50;'Arial';8;0;0;0;0;65535;'D';'';0
'Item.Dato_A33';'T';107.30;219.70;114.60;223.50;'Arial';8;0;0;0;0;65535;'D';'';0
'Item.Dato_A34';'T';107.30;223.70;114.60;227.50;'Arial';8;0;0;0;0;65535;'D';'';0
'Item.Dato_A35';'T';107.30;227.70;114.60;231.50;'Arial';8;0;0;0;0;65535;'D';'';0
'Item.Dato_A36';'T';107.30;231.70;114.60;235.50;'Arial';8;0;0;0;0;65535;'D';'';0
'Item.Dato_B01';'T';114.80;91.70;122.60;95.50;'Arial';8;0;0;0;0;65535;'D';'';0
'Item.Dato_B02';'T';115.00;95.70;122.80;99.50;'Arial';8;0;0;0;0;65535;'D';'';0
'Item.Dato_B03';'T';115.00;99.70;122.80;103.50;'Arial';8;0;0;0;0;65535;'D';'';0
'Item.Dato_B04';'T';115.00;103.70;122.80;107.50;'Arial';8;0;0;0;0;65535;'D';'';0
'Item.Dato_B05';'T';115.00;107.70;122.80;111.50;'Arial';8;0;0;0;0;65535;'D';'';0
'Item.Dato_B06';'T';115.00;111.70;122.80;115.50;'Arial';8;0;0;0;0;65535;'D';'';0
'Item.Dato_B07';'T';115.00;115.70;122.80;119.50;'Arial';8;0;0;0;0;65535;'D';'';0
'Item.Dato_B08';'T';115.00;119.70;122.80;123.50;'Arial';8;0;0;0;0;65535;'D';'';0
'Item.Dato_B09';'T';115.00;123.70;122.80;127.50;'Arial';8;0;0;0;0;65535;'D';'';0
'Item.Dato_B10';'T';115.00;127.70;122.80;131.50;'Arial';8;0;0;0;0;65535;'D';'';0
'Item.Dato_B11';'T';115.00;131.70;122.80;135.50;'Arial';8;0;0;0;0;65535;'D';'';0
'Item.Dato_B12';'T';115.00;135.70;122.80;139.50;'Arial';8;0;0;0;0;65535;'D';'';0
'Item.Dato_B13';'T';115.00;139.70;122.80;143.50;'Arial';8;0;0;0;0;65535;'D';'';0
'Item.Dato_B14';'T';115.00;143.70;122.80;147.50;'Arial';8;0;0;0;0;65535;'D';'';0
'Item.Dato_B15';'T';115.00;147.70;122.80;151.50;'Arial';8;0;0;0;0;65535;'D';'';0
'Item.Dato_B16';'T';115.00;151.70;122.80;155.50;'Arial';8;0;0;0;0;65535;'D';'';0
'Item.Dato_B17';'T';115.00;155.70;122.80;159.50;'Arial';8;0;0;0;0;65535;'D';'';0
'Item.Dato_B18';'T';115.00;159.70;122.80;163.50;'Arial';8;0;0;0;0;65535;'D';'';0
'Item.Dato_B19';'T';115.00;163.70;122.80;167.50;'Arial';8;0;0;0;0;65535;'D';'';0
'Item.Dato_B20';'T';115.00;167.70;122.80;171.50;'Arial';8;0;0;0;0;65535;'D';'';0
'Item.Dato_B21';'T';115.00;171.70;122.80;175.50;'Arial';8;0;0;0;0;65535;'D';'';0
'Item.Dato_B22';'T';115.00;175.70;122.80;179.50;'Arial';8;0;0;0;0;65535;'D';'';0
'Item.Dato_B23';'T';115.00;179.70;122.80;183.50;'Arial';8;0;0;0;0;65535;'D';'';0
'Item.Dato_B24';'T';115.00;183.70;122.80;187.50;'Arial';8;0;0;0;0;65535;'D';'';0
'Item.Dato_B25';'T';115.00;187.70;122.80;191.50;'Arial';8;0;0;0;0;65535;'D';'';0
'Item.Dato_B26';'T';115.00;191.70;122.80;195.50;'Arial';8;0;0;0;0;65535;'D';'';0
'Item.Dato_B27';'T';115.00;195.70;122.80;199.50;'Arial';8;0;0;0;0;65535;'D';'';0
'Item.Dato_B28';'T';115.00;199.70;122.80;203.50;'Arial';8;0;0;0;0;65535;'D';'';0
'Item.Dato_B29';'T';115.00;203.70;122.80;207.50;'Arial';8;0;0;0;0;65535;'D';'';0
'Item.Dato_B30';'T';115.00;207.70;122.80;211.50;'Arial';8;0;0;0;0;65535;'D';'';0
'Item.Dato_B31';'T';115.00;211.70;122.80;215.50;'Arial';8;0;0;0;0;65535;'D';'';0
'Item.Dato_B32';'T';115.00;215.70;122.80;219.50;'Arial';8;0;0;0;0;65535;'D';'';0
'Item.Dato_B33';'T';115.00;219.70;122.80;223.50;'Arial';8;0;0;0;0;65535;'D';'';0
'Item.Dato_B34';'T';115.00;223.70;122.80;227.50;'Arial';8;0;0;0;0;65535;'D';'';0
'Item.Dato_B35';'T';115.00;227.70;122.80;231.50;'Arial';8;0;0;0;0;65535;'D';'';0
'Item.Dato_B36';'T';115.00;231.70;122.80;235.50;'Arial';8;0;0;0;0;65535;'D';'';0
'Item.Descripcion';'T';43.70;86.80;122.40;91.80;'Arial';8;0;0;0;0;65535;'C';'Descripci\xf3n';0
'Item.Descripcion01';'T';44.50;91.70;106.80;95.50;'Arial';8;0;0;0;0;65535;'I';'';0
'Item.Descripcion02';'T';44.50;95.70;106.80;99.50;'Arial';8;0;0;0;0;65535;'I';'';0
'Item.Descripcion03';'T';44.50;99.70;106.80;103.50;'Arial';8;0;0;0;0;65535;'I';'';0
'Item.Descripcion04';'T';44.50;103.70;106.80;107.50;'Arial';8;0;0;0;0;65535;'I';'';0
'Item.Descripcion05';'T';44.50;107.70;106.80;111.50;'Arial';8;0;0;0;0;65535;'I';'';0
'Item.Descripcion06';'T';44.50;111.70;106.80;115.50;'Arial';8;0;0;0;0;65535;'I';'';0
'Item.Descripcion07';'T';44.50;115.70;106.80;119.50;'Arial';8;0;0;0;0;65535;'I';'';0
'Item.Descripcion08';'T';44.50;119.70;106.80;123.50;'Arial';8;0;0;0;0;65535;'I';'';0
'Item.Descripcion09';'T';44.50;123.70;106.80;127.50;'Arial';8;0;0;0;0;65535;'I';'';0
'Item.Descripcion10';'T';44.50;127.70;106.80;131.50;'Arial';8;0;0;0;0;65535;'I';'';0
'Item.Descripcion11';'T';44.50;131.70;106.80;135.50;'Arial';8;0;0;0;0;65535;'I';'';0
'Item.Descripcion12';'T';44.50;135.70;106.80;139.50;'Arial';8;0;0;0;0;65535;'I';'';0
'Item.Descripcion13';'T';44.50;139.70;106.80;143.50;'Arial';8;0;0;0;0;65535;'I';'';0
'Item.Descripcion14';'T';44.50;143.70;106.80;147.50;'Arial';8;0;0;0;0;65535;'I';'';0
'Item.Descripcion15';'T';44.50;147.70;106.80;151.50;'Arial';8;0;0;0;0;65535;'I';'';0
'Item.Descripcion16';'T';44.50;151.70;106.80;155.50;'Arial';8;0;0;0;0;65535;'I';'';0
'Item.Descripcion17';'T';44.50;155.70;106.80;159.50;'Arial';8;0;0;0;0;65535;'I';'';0
'Item.Descripcion18';'T';44.50;159.70;106.80;163.50;'Arial';8;0;0;0;0;65535;'I';'';0
'Item.Descripcion19';'T';44.50;163.70;106.80;167.50;'Arial';8;0;0;0;0;65535;'I';'';0
'Item.Descripcion20';'T';44.50;167.70;106.80;171.50;'Arial';8;0;0;0;0;65535;'I';'';0
'Item.Descripcion21';'T';44.50;171.70;106.80;175.50;'Arial';8;0;0;0;0;65535;'I';'';0
'Item.Descripcion22';'T';44.50;175.70;106.80;179.50;'Arial';8;0;0;0;0;65535;'I';'';0
'Item.Descripcion23';'T';44.50;179.70;106.80;183.50;'Arial';8;0;0;0;0;65535;'I';'';0
'Item.Descripcion24';'T';44.50;183.70;106.80;187.50;'Arial';8;0;0;0;0;65535;'I';'';0
'Item.Descripcion25';'T';44.50;187.70;106.80;191.50;'Arial';8;0;0;0;0;65535;'I';'';0
'Item.Descripcion26';'T';44.50;191.70;106.80;195.50;'Arial';8;0;0;0;0;65535;'I';'';0
'Item.Descripcion27';'T';44.50;195.70;106.80;199.50;'Arial';8;0;0;0;0;65535;'I';'';0
'Item.Descripcion28';'T';44.50;199.70;106.80;203.50;'Arial';8;0;0;0;0;65535;'I';'';0
'Item.Descripcion29';'T';44.50;203.70;106.80;207.50;'Arial';8;0;0;0;0;65535;'I';'';0
'Item.Descripcion30';'T';44.50;207.70;106.80;211.50;'Arial';8;0;0;0;0;65535;'I';'';0
'Item.Descripcion31';'T';44.50;211.70;106.80;215.50;'Arial';8;0;0;0;0;65535;'I';'';0
'Item.Descripcion32';'T';44.50;215.70;106.80;219.50;'Arial';8;0;0;0;0;65535;'I';'';0
'Item.Descripcion33';'T';44.50;219.70;106.80;223.50;'Arial';8;0;0;0;0;65535;'I';'';0
'Item.Descripcion34';'T';44.50;223.70;106.80;227.50;'Arial';8;0;0;0;0;65535;'I';'';0
'Item.Descripcion35';'T';44.50;227.70;106.80;231.50;'Arial';8;0;0;0;0;65535;'I';'';0
'Item.Descripcion36';'T';44.70;231.90;107.00;235.50;'Arial';8;0;0;0;0;65535;'I';'';0
'Item.Importe';'T';184.70;86.70;207.20;91.70;'Arial';8;0;0;0;0;65535;'C';'Importe';0
'Item.Importe01';'T';185.00;91.70;208.00;95.50;'Arial';8;0;0;0;0;65535;'D';'';0
'Item.Importe02';'T';185.00;95.70;208.00;99.50;'Arial';8;0;0;0;0;65535;'D';'';0
'Item.Importe03';'T';185.00;99.70;208.00;103.50;'Arial';8;0;0;0;0;65535;'D';'';0
'Item.Importe04';'T';185.00;103.70;208.00;107.50;'Arial';8;0;0;0;0;65535;'D';'';0
'Item.Importe05';'T';185.00;107.70;208.00;111.50;'Arial';8;0;0;0;0;65535;'D';'';0
'Item.Importe06';'T';185.00;111.70;208.00;115.50;'Arial';8;0;0;0;0;65535;'D';'';0
'Item.Importe07';'T';185.00;115.70;208.00;119.50;'Arial';8;0;0;0;0;65535;'D';'';0
'Item.Importe08';'T';185.00;119.70;208.00;123.50;'Arial';8;0;0;0;0;65535;'D';'';0
'Item.Importe09';'T';185.00;123.70;208.00;127.50;'Arial';8;0;0;0;0;65535;'D';'';0
'Item.Importe10';'T';185.00;127.70;208.00;131.50;'Arial';8;0;0;0;0;65535;'D';'';0
'Item.Importe11';'T';185.00;131.70;208.00;135.50;'Arial';8;0;0;0;0;65535;'D';'';0
'Item.Importe12';'T';185.00;135.70;208.00;139.50;'Arial';8;0;0;0;0;65535;'D';'';0
'Item.Importe13';'T';185.00;139.70;208.00;143.50;'Arial';8;0;0;0;0;65535;'D';'';0
'Item.Importe14';'T';185.00;143.70;208.00;147.50;'Arial';8;0;0;0;0;65535;'D';'';0
'Item.Importe15';'T';185.00;147.70;208.00;151.50;'Arial';8;0;0;0;0;65535;'D';'';0
'Item.Importe16';'T';185.00;151.70;208.00;155.50;'Arial';8;0;0;0;0;65535;'D';'';0
'Item.Importe17';'T';185.00;155.70;208.00;159.50;'Arial';8;0;0;0;0;65535;'D';'';0
'Item.Importe18';'T';185.00;159.70;208.00;163.50;'Arial';8;0;0;0;0;65535;'D';'';0
'Item.Importe19';'T';185.00;163.70;208.00;167.50;'Arial';8;0;0;0;0;65535;'D';'';0
'Item.Importe20';'T';185.00;167.70;208.00;171.50;'Arial';8;0;0;0;0;65535;'D';'';0
'Item.Importe21';'T';185.00;171.70;208.00;175.50;'Arial';8;0;0;0;0;65535;'D';'';0
'Item.Importe22';'T';185.00;175.70;208.00;179.50;'Arial';8;0;0;0;0;65535;'D';'';0
'Item.Importe23';'T';185.00;179.70;208.00;183.50;'Arial';8;0;0;0;0;65535;'D';'';0
'Item.Importe24';'T';185.00;183.70;208.00;187.50;'Arial';8;0;0;0;0;65535;'D';'';0
'Item.Importe25';'T';185.00;187.70;208.00;191.50;'Arial';8;0;0;0;0;65535;'D';'';0
'Item.Importe26';'T';185.00;191.70;208.00;195.50;'Arial';8;0;0;0;0;65535;'D';'';0
'Item.Importe27';'T';185.00;195.70;208.00;199.50;'Arial';8;0;0;0;0;65535;'D';'';0
'Item.Importe28';'T';185.00;199.70;208.00;203.50;'Arial';8;0;0;0;0;65535;'D';'';0
'Item.Importe29';'T';185.00;203.70;208.00;207.50;'Arial';8;0;0;0;0;65535;'D';'';0
'Item.Importe30';'T';185.00;207.70;208.00;211.50;'Arial';8;0;0;0;0;65535;'D';'';0
'Item.Importe31';'T';185.00;211.70;208.00;215.50;'Arial';8;0;0;0;0;65535;'D';'';0
'Item.Importe32';'T';185.00;215.70;208.00;219.50;'Arial';8;0;0;0;0;65535;'D';'';0
'Item.Importe33';'T';185.00;219.70;208.00;223.50;'Arial';8;0;0;0;0;65535;'D';'';0
'Item.Importe34';'T';185.00;223.70;208.00;227.50;'Arial';8;0;0;0;0;65535;'D';'';0
'Item.Importe35';'T';185.00;227.70;208.00;231.50;'Arial';8;0;0;0;0;65535;'D';'';0
'Item.Importe36';'T';185.00;231.70;208.00;235.50;'Arial';8;0;0;0;0;65535;'D';'';0
'Item.ImporteIva01';'T';171.50;91.70;183.70;95.50;'Arial';8;0;0;0;0;65535;'D';'';0
'Item.ImporteIva02';'T';171.50;95.70;183.70;99.50;'Arial';8;0;0;0;0;65535;'D';'';0
'Item.ImporteIva03';'T';171.50;99.70;183.70;103.50;'Arial';8;0;0;0;0;65535;'D';'';0
'Item.ImporteIva04';'T';171.50;103.70;183.70;107.50;'Arial';8;0;0;0;0;65535;'D';'';0
'Item.ImporteIva05';'T';171.50;107.70;183.70;111.50;'Arial';8;0;0;0;0;65535;'D';'';0
'Item.ImporteIva06';'T';171.50;111.70;183.70;115.50;'Arial';8;0;0;0;0;65535;'D';'';0
'Item.ImporteIva07';'T';171.50;115.70;183.70;119.50;'Arial';8;0;0;0;0;65535;'D';'';0
'Item.ImporteIva08';'T';171.50;119.70;183.70;123.50;'Arial';8;0;0;0;0;65535;'D';'';0
'Item.ImporteIva09';'T';171.50;123.70;183.70;127.50;'Arial';8;0;0;0;0;65535;'D';'';0
'Item.ImporteIva10';'T';171.50;127.70;183.70;131.50;'Arial';8;0;0;0;0;65535;'D';'';0
'Item.ImporteIva11';'T';171.50;131.70;183.70;135.50;'Arial';8;0;0;0;0;65535;'D';'';0
'Item.ImporteIva12';'T';171.50;135.70;183.70;139.50;'Arial';8;0;0;0;0;65535;'D';'';0
'Item.ImporteIva13';'T';171.50;139.70;183.70;143.50;'Arial';8;0;0;0;0;65535;'D';'';0
'Item.ImporteIva14';'T';171.50;143.70;183.70;147.50;'Arial';8;0;0;0;0;65535;'D';'';0
'Item.ImporteIva15';'T';171.50;147.70;183.70;151.50;'Arial';8;0;0;0;0;65535;'D';'';0
'Item.ImporteIva16';'T';171.50;151.70;183.70;155.50;'Arial';8;0;0;0;0;65535;'D';'';0
'Item.ImporteIva17';'T';171.50;155.70;183.70;159.50;'Arial';8;0;0;0;0;65535;'D';'';0
'Item.ImporteIva18';'T';171.50;159.70;183.70;163.50;'Arial';8;0;0;0;0;65535;'D';'';0
'Item.ImporteIva19';'T';171.50;163.70;183.70;167.50;'Arial';8;0;0;0;0;65535;'D';'';0
'Item.ImporteIva20';'T';171.50;167.70;183.70;171.50;'Arial';8;0;0;0;0;65535;'D';'';0
'Item.ImporteIva21';'T';171.50;171.70;183.70;175.50;'Arial';8;0;0;0;0;65535;'D';'';0
'Item.ImporteIva22';'T';171.50;175.70;183.70;179.50;'Arial';8;0;0;0;0;65535;'D';'';0
'Item.ImporteIva23';'T';171.50;179.70;183.70;183.50;'Arial';8;0;0;0;0;65535;'D';'';0
'Item.ImporteIva24';'T';171.50;183.70;183.70;187.50;'Arial';8;0;0;0;0;65535;'D';'';0
'Item.ImporteIva25';'T';171.50;187.70;183.70;191.50;'Arial';8;0;0;0;0;65535;'D';'';0
'Item.ImporteIva26';'T';171.50;191.70;183.70;195.50;'Arial';8;0;0;0;0;65535;'D';'';0
'Item.ImporteIva27';'T';171.50;195.70;183.70;199.50;'Arial';8;0;0;0;0;65535;'D';'';0
'Item.ImporteIva28';'T';171.50;199.70;183.70;203.50;'Arial';8;0;0;0;0;65535;'D';'';0
'Item.ImporteIva29';'T';171.50;203.70;183.70;207.50;'Arial';8;0;0;0;0;65535;'D';'';0
'Item.ImporteIva30';'T';171.50;207.70;183.70;211.50;'Arial';8;0;0;0;0;65535;'D';'';0
'Item.ImporteIva31';'T';171.50;211.70;183.70;215.50;'Arial';8;0;0;0;0;65535;'D';'';0
'Item.ImporteIva32';'T';171.50;215.70;183.70;219.50;'Arial';8;0;0;0;0;65535;'D';'';0
'Item.ImporteIva33';'T';171.50;219.70;183.70;223.50;'Arial';8;0;0;0;0;65535;'D';'';0
'Item.ImporteIva34';'T';171.50;223.70;183.70;227.50;'Arial';8;0;0;0;0;65535;'D';'';0
'Item.ImporteIva35';'T';171.50;227.70;183.70;231.50;'Arial';8;0;0;0;0;65535;'D';'';0
'Item.ImporteIva36';'T';171.50;231.70;183.70;235.50;'Arial';8;0;0;0;0;65535;'D';'';0
'Item.Precio';'T';148.10;86.70;164.10;91.70;'Arial';8;0;0;0;0;65535;'C';'Precio';0
'Item.Precio01';'T';148.50;91.70;163.60;95.50;'Arial';8;0;0;0;0;65535;'D';'';0
'Item.Precio02';'T';148.50;95.70;163.60;99.50;'Arial';8;0;0;0;0;65535;'D';'';0
'Item.Precio03';'T';148.50;99.70;163.60;103.50;'Arial';8;0;0;0;0;65535;'D';'';0
'Item.Precio04';'T';148.50;103.70;163.60;107.50;'Arial';8;0;0;0;0;65535;'D';'';0
'Item.Precio05';'T';148.50;107.70;163.60;111.50;'Arial';8;0;0;0;0;65535;'D';'';0
'Item.Precio06';'T';148.50;111.70;163.60;115.50;'Arial';8;0;0;0;0;65535;'D';'';0
'Item.Precio07';'T';148.50;115.70;163.60;119.50;'Arial';8;0;0;0;0;65535;'D';'';0
'Item.Precio08';'T';148.50;119.70;163.60;123.50;'Arial';8;0;0;0;0;65535;'D';'';0
'Item.Precio09';'T';148.50;123.70;163.60;127.50;'Arial';8;0;0;0;0;65535;'D';'';0
'Item.Precio10';'T';148.50;127.70;163.60;131.50;'Arial';8;0;0;0;0;65535;'D';'';0
'Item.Precio11';'T';148.50;131.70;163.60;135.50;'Arial';8;0;0;0;0;65535;'D';'';0
'Item.Precio12';'T';148.50;135.70;163.60;139.50;'Arial';8;0;0;0;0;65535;'D';'';0
'Item.Precio13';'T';148.50;139.70;163.60;143.50;'Arial';8;0;0;0;0;65535;'D';'';0
'Item.Precio14';'T';148.50;143.70;163.60;147.50;'Arial';8;0;0;0;0;65535;'D';'';0
'Item.Precio15';'T';148.50;147.70;163.60;151.50;'Arial';8;0;0;0;0;65535;'D';'';0
'Item.Precio16';'T';148.50;151.70;163.60;155.50;'Arial';8;0;0;0;0;65535;'D';'';0
'Item.Precio17';'T';148.50;155.70;163.60;159.50;'Arial';8;0;0;0;0;65535;'D';'';0
'Item.Precio18';'T';148.50;159.70;163.60;163.50;'Arial';8;0;0;0;0;65535;'D';'';0
'Item.Precio19';'T';148.50;163.70;163.60;167.50;'Arial';8;0;0;0;0;65535;'D';'';0
'Item.Precio20';'T';148.50;167.70;163.60;171.50;'Arial';8;0;0;0;0;65535;'D';'';0
'Item.Precio21';'T';148.50;171.70;163.60;175.50;'Arial';8;0;0;0;0;65535;'D';'';0
'Item.Precio22';'T';148.50;175.70;163.60;179.50;'Arial';8;0;0;0;0;65535;'D';'';0
'Item.Precio23';'T';148.50;179.70;163.60;183.50;'Arial';8;0;0;0;0;65535;'D';'';0
'Item.Precio24';'T';148.50;183.70;163.60;187.50;'Arial';8;0;0;0;0;65535;'D';'';0
'Item.Precio25';'T';148.50;187.70;163.60;191.50;'Arial';8;0;0;0;0;65535;'D';'';0
'Item.Precio26';'T';148.50;191.70;163.60;195.50;'Arial';8;0;0;0;0;65535;'D';'';0
'Item.Precio27';'T';148.50;195.70;163.60;199.50;'Arial';8;0;0;0;0;65535;'D';'';0
'Item.Precio28';'T';148.50;199.70;163.60;203.50;'Arial';8;0;0;0;0;65535;'D';'';0
'Item.Precio29';'T';148.50;203.70;163.60;207.50;'Arial';8;0;0;0;0;65535;'D';'';0
'Item.Precio30';'T';148.50;207.70;163.60;211.50;'Arial';8;0;0;0;0;65535;'D';'';0
'Item.Precio31';'T';148.50;211.70;163.60;215.50;'Arial';8;0;0;0;0;65535;'D';'';0
'Item.Precio32';'T';148.50;215.70;163.60;219.50;'Arial';8;0;0;0;0;65535;'D';'';0
'Item.Precio33';'T';148.50;219.70;163.60;223.50;'Arial';8;0;0;0;0;65535;'D';'';0
'Item.Precio34';'T';148.50;223.70;163.60;227.50;'Arial';8;0;0;0;0;65535;'D';'';0
'Item.Precio35';'T';148.50;227.70;163.60;231.50;'Arial';8;0;0;0;0;65535;'D';'';0
'Item.Precio36';'T';148.50;231.70;163.60;235.50;'Arial';8;0;0;0;0;65535;'D';'';0
'Item.Umed_ds01';'T';35.10;91.90;42.40;95.70;'Arial';8;0;0;0;0;65535;'D';'';0
'Item.Umed_ds02';'T';35.10;95.90;42.40;99.70;'Arial';8;0;0;0;0;65535;'D';'';0
'Item.Umed_ds03';'T';35.10;99.90;42.40;103.70;'Arial';8;0;0;0;0;65535;'D';'';0
'Item.Umed_ds04';'T';35.10;103.90;42.40;107.70;'Arial';8;0;0;0;0;65535;'D';'';0
'Item.Umed_ds05';'T';35.10;107.90;42.40;111.70;'Arial';8;0;0;0;0;65535;'D';'';0
'Item.Umed_ds06';'T';35.10;111.90;42.40;115.70;'Arial';8;0;0;0;0;65535;'D';'';0
'Item.Umed_ds07';'T';35.10;115.90;42.40;119.70;'Arial';8;0;0;0;0;65535;'D';'';0
'Item.Umed_ds08';'T';35.10;119.90;42.40;123.70;'Arial';8;0;0;0;0;65535;'D';'';0
'Item.Umed_ds09';'T';35.10;123.90;42.40;127.70;'Arial';8;0;0;0;0;65535;'D';'';0
'Item.Umed_ds10';'T';35.10;127.90;42.40;131.70;'Arial';8;0;0;0;0;65535;'D';'';0
'Item.Umed_ds11';'T';35.10;131.90;42.40;135.70;'Arial';8;0;0;0;0;65535;'D';'';0
'Item.Umed_ds12';'T';35.10;135.90;42.40;139.70;'Arial';8;0;0;0;0;65535;'D';'';0
'Item.Umed_ds13';'T';35.10;139.90;42.40;143.70;'Arial';8;0;0;0;0;65535;'D';'';0
'Item.Umed_ds14';'T';35.10;143.90;42.40;147.70;'Arial';8;0;0;0;0;65535;'D';'';0
'Item.Umed_ds15';'T';35.10;147.90;42.40;151.70;'Arial';8;0;0;0;0;65535;'D';'';0
'Item.Umed_ds16';'T';35.10;151.90;42.40;155.70;'Arial';8;0;0;0;0;65535;'D';'';0
'Item.Umed_ds17';'T';35.10;155.90;42.40;159.70;'Arial';8;0;0;0;0;65535;'D';'';0
'Item.Umed_ds18';'T';35.10;159.90;42.40;163.70;'Arial';8;0;0;0;0;65535;'D';'';0
'Item.Umed_ds19';'T';35.10;163.90;42.40;167.70;'Arial';8;0;0;0;0;65535;'D';'';0
'Item.Umed_ds20';'T';35.10;167.90;42.40;171.70;'Arial';8;0;0;0;0;65535;'D';'';0
'Item.Umed_ds21';'T';35.10;171.90;42.40;175.70;'Arial';8;0;0;0;0;65535;'D';'';0
'Item.Umed_ds22';'T';35.10;175.90;42.40;179.70;'Arial';8;0;0;0;0;65535;'D';'';0
'Item.Umed_ds23';'T';35.10;179.90;42.40;183.70;'Arial';8;0;0;0;0;65535;'D';'';0
'Item.Umed_ds24';'T';35.10;183.90;42.40;187.70;'Arial';8;0;0;0;0;65535;'D';'';0
'Item.Umed_ds25';'T';35.10;187.90;42.40;191.70;'Arial';8;0;0;0;0;65535;'D';'';0
'Item.Umed_ds26';'T';35.10;191.90;42.40;195.70;'Arial';8;0;0;0;0;65535;'D';'';0
'Item.Umed_ds27';'T';35.10;195.90;42.40;199.70;'Arial';8;0;0;0;0;65535;'D';'';0
'Item.Umed_ds28';'T';35.10;199.90;42.40;203.70;'Arial';8;0;0;0;0;65535;'D';'';0
'Item.Umed_ds29';'T';35.10;203.90;42.40;207.70;'Arial';8;0;0;0;0;65535;'D';'';0
'Item.Umed_ds30';'T';35.10;207.90;42.40;211.70;'Arial';8;0;0;0;0;65535;'D';'';0
'Item.Umed_ds31';'T';35.10;211.90;42.40;215.70;'Arial';8;0;0;0;0;65535;'D';'';0
'Item.Umed_ds32';'T';35.10;215.90;42.40;219.70;'Arial';8;0;0;0;0;65535;'D';'';0
'Item.Umed_ds33';'T';35.10;219.90;42.40;223.70;'Arial';8;0;0;0;0;65535;'D';'';0
'Item.Umed_ds34';'T';35.10;223.90;42.40;227.70;'Arial';8;0;0;0;0;65535;'D';'';0
'Item.Umed_ds35';'T';35.10;227.90;42.40;231.70;'Arial';8;0;0;0;0;65535;'D';'';0
'Item.Umed_ds36';'T';35.10;231.90;42.40;235.70;'Arial';8;0;0;0;0;65535;'D';'';0
'Item.Unidad';'T';32.90;86.70;43.90;91.70;'Arial';8;0;0;0;0;65535;'C';'Unid.';0
'LETRA';'T';98.70;11.70;108.70;13.70;'Arial';16;1;0;0;0;0;'C';'X';2
'Linea.Cantidad';'L';164.10;91.90;164.10;235.90;None;0;0;0;0;0;0;'I';None;3
'Linea.Codigo';'L';34.00;91.90;34.00;236.00;None;0;0;0;0;0;0;'I';None;3
'Linea.Descripcion';'L';147.75;91.90;147.75;236.20;None;0;0;0;0;0;0;'I';None;3
'Linea.Descripcion_copy';'L';136.50;91.90;136.50;236.10;None;0;0;0;0;0;0;'I';None;3
'Linea.Descripcion_copy_copy';'L';123.30;91.90;123.30;236.30;None;0;0;0;0;0;0;'I';None;3
'Linea.Precio';'L';183.90;91.90;183.90;235.90;None;0;0;0;0;0;0;'I';None;3
'Linea.Unidad';'L';43.10;91.90;43.10;236.10;None;0;0;0;0;0;0;'I';None;3
'Linea1';'L';104.10;18.90;104.10;44.10;'Arial';0;0;0;0;0;0;'I';None;3
'Linea2';'L';8.40;44.00;208.40;44.00;None;0;0;0;0;0;0;'I';None;3
'Linea2_copy';'L';8.60;49.20;208.60;49.20;None;0;0;0;0;0;0;'I';None;3
'Linea2_copy_copy';'L';8.80;54.40;208.80;54.40;None;0;0;0;0;0;0;'I';None;3
'Linea3';'L';8.40;86.70;208.40;86.70;None;0;0;0;0;0;0;'I';None;3
'Linea6';'L';8.50;236.20;208.50;236.20;None;0;0;0;0;0;0;'I';None;3
'Linea9';'L';8.40;91.40;208.40;91.40;None;0;0;0;0;0;0;'I';None;0
'MEMBRETE1';'T';10.20;19.60;97.90;25.60;'Arial';10;0;0;0;0;65535;'I';None;0
'MEMBRETE2';'T';10.10;25.70;97.80;31.70;'Arial';10;0;0;0;0;65535;'I';None;0
'MEMBRETE3';'T';10.20;31.80;97.90;37.80;'Arial';10;0;0;0;0;65535;'I';None;0
'NETO';'T';135.10;236.90;157.30;241.70;'Arial';9;0;0;0;0;0;'D';'';0
'NETO.L';'T';126.70;236.90;134.90;241.70;'Arial';9;0;0;0;0;0;'I';'Neto:';0
'NGRA.L';'T';50.20;237.00;69.80;241.70;'Arial';9;0;0;0;0;0;'I';'No Gravado:';0
'Numero';'T';138.50;20.20;198.50;25.80;'Arial';14;1;0;0;0;0;'I';'0000-00000000';2
'Pagina';'T';151.80;14.20;191.80;18.20;'Arial';8;0;0;0;0;0;'C';'P\xe1gina';2
'Pedido.L';'T';143.50;73.70;159.00;77.70;'Arial';10;0;0;0;0;0;'I';'Pedido:';0
'Periodo.Desde';'T';164.90;77.90;184.90;81.90;'Arial';10.00;0;0;0;0;65535;'I';'01/01/2009';0
'Periodo.Hasta';'T';186.10;77.90;206.10;81.90;'Arial';10.00;0;0;0;0;65535;'I';'31/01/2009';0
'PeriodoFacturadoL';'T';133.70;77.90;161.50;81.90;'Arial';10.00;0;0;0;0;0;'I';'Per\xedodo Facturado';0
'Remito.L';'T';171.60;73.80;186.20;77.80;'Arial';10;0;0;0;0;0;'I';'Remito N\xba:';0
'TOTAL';'T';184.50;281.70;207.60;286.50;'Arial';10;1;0;0;0;65535;'D';None;0
'TipoCBTE';'T';97.70;15.20;109.70;19.70;'Arial';7;1;0;0;0;0;'C';'COD.01';2
'Total.C';'B';183.20;281.00;208.20;287.00;None;0;0;0;0;0;0;'I';None;-1
'Total.L';'T';153.40;281.10;179.00;286.50;'Arial';10;0;0;0;0;0;'I';'Total:';0
'Tributo.Alicuota01';'T';177.10;242.40;188.30;246.40;'Arial';9;0;0;0;0;0;'D';'';0
'Tributo.Alicuota02';'T';177.10;246.60;188.30;250.60;'Arial';9;0;0;0;0;0;'D';'';0
'Tributo.Alicuota03';'T';177.10;250.80;188.30;254.80;'Arial';9;0;0;0;0;0;'D';'';0
'Tributo.Alicuota04';'T';177.10;255.00;188.30;259.00;'Arial';9;0;0;0;0;0;'D';'';0
'Tributo.Descripcion01';'T';154.10;242.40;176.90;246.40;'Arial';9;0;0;0;0;0;'D';'';0
'Tributo.Descripcion02';'T';154.10;246.60;176.90;250.60;'Arial';9;0;0;0;0;0;'D';'';0
'Tributo.Descripcion03';'T';154.10;250.80;176.90;254.80;'Arial';9;0;0;0;0;0;'D';'';0
'Tributo.Descripcion04';'T';154.10;255.00;176.90;259.00;'Arial';9;0;0;0;0;0;'D';'';0
'Tributo.Importe01';'T';188.90;242.30;208.00;246.30;'Arial';9;0;0;0;0;65535;'D';None;0
'Tributo.Importe02';'T';188.90;246.50;208.00;250.50;'Arial';9;0;0;0;0;65535;'D';None;0
'Tributo.Importe03';'T';188.90;250.70;208.00;254.70;'Arial';9;0;0;0;0;65535;'D';None;0
'Tributo.Importe04';'T';188.90;254.90;208.00;258.90;'Arial';9;0;0;0;0;65535;'D';None;0
'Vencimiento';'T';186.10;82.50;206.10;86.50;'Arial';10.00;0;0;0;0;65535;'I';'31/12/2009';0
'VencimientoL';'T';133.70;82.50;180.50;86.50;'Arial';10.00;0;0;0;0;0;'I';'Fecha de Vencimiento de Pago:';0
'copia';'T';116.20;14.20;151.20;18.20;'Arial';8;0;0;0;0;0;'C';'Original';2
'custom-nota1';'T';104.70;275.30;149.80;279.50;'Arial';8;False;False;False;0;16777215;'C';'';0
'custom-nota2';'T';104.70;279.10;150.20;283.30;'Arial';8;False;False;False;0;16777215;'C';'';0
'custom-nota3';'T';104.70;282.90;150.00;287.10;'Arial';8;False;False;False;0;16777215;'C';'';0
'custom-nro-cli';'T';26.90;58.60;44.90;64.60;'Arial';10;0;0;0;0;65535;'I';None;0
'custom-pedido';'T';157.60;73.80;171.00;77.80;'Arial';10;0;0;0;0;65535;'I';'';0
'custom-remito';'T';188.40;73.80;207.60;77.80;'Arial';10;0;0;0;0;0;'I';'';0
'custom-tit-cond-venta';'T';10.10;80.10;41.90;85.10;'Arial';10;0;0;1;0;0;'I';'Forma de Pago:';0
'custom-tit-transporte';'T';9.70;242.70;35.70;246.70;'Arial';9;0;0;0;0;65535;'I';'Transporte:';0
'custom-tot-porc-2.5iva';'T';177.40;259.50;185.40;263.50;'Arial';9;0;0;0;0;0;'D';'';0
'custom-tot-porc-5iva';'T';177.30;263.80;185.30;267.80;'Arial';9;0;0;0;0;0;'D';'';0
'custom-tot-porc-iva';'T';177.30;272.20;185.30;276.40;'Arial';9;0;0;0;0;0;'D';'';0
'custom-tot-porc-iva';'T';177.40;276.10;185.40;280.30;'Arial';9;0;0;0;0;0;'D';'';0
'custom-tot-porc-niva';'T';177.40;267.90;185.40;271.90;'Arial';9;0;0;0;0;0;'D';'';0
'custom-transporte';'T';35.70;242.60;146.30;246.60;'Arial';9;0;0;0;0;65535;'I';'';0
'custom-transporte_copy';'T';9.10;269.80;101.50;273.80;'Arial';6;0;1;0;0;65535;'';'La Administraci\xf3n Federal no se responsabiliza por los datos ingresados en el detalle de la operaci\xf3n';0
'descuento';'T';27.20;237.00;49.60;241.70;'Arial';9;0;0;0;0;0;'D';'';0
'descuento.L';'T';9.70;237.00;28.20;241.70;'Arial';9;0;0;0;0;0;'I';'Descuento:';0
'estado';'T';39.90;263.50;93.10;267.50;'Arial';10;1;1;0;0;65535;'I';'';0
'forma_pago';'T';43.10;80.40;94.90;85.40;'Arial';10;0;0;0;0;0;'I';None;0
'imp_op_ex';'T';103.70;236.90;126.00;241.70;'Arial';9;0;0;0;0;0;'D';'';0
'imp_tot_conc';'T';68.90;237.00;91.20;241.70;'Arial';9;0;0;0;0;0;'D';'';0
'iva_cli';'T';27.30;73.60;80.10;78.60;'Arial';10;0;0;0;0;0;'I';None;0
'localidad_cli';'T';27.40;68.20;80.00;74.20;'Arial';10;0;0;0;0;65535;'I';None;0
'motivos_ds.L';'T';9.30;246.80;146.60;251.60;'Arial';10;0;0;1;0;0;'C';'Observaciones AFIP';0
'motivos_ds1';'T';9.30;251.30;146.60;255.30;'Arial';8;0;1;0;0;0;'I';'';0
'motivos_ds2';'T';9.30;254.30;146.60;258.30;'Arial';8;0;1;0;0;0;'I';'';0
'motivos_ds3';'T';9.30;257.30;146.60;261.30;'Arial';8;0;1;0;0;0;'I';'';0
'nombre_condvta';'T';120.00;49.60;190.80;55.60;'Arial';10;0;0;0;0;65535;'I';None;0
'provincia_cli';'T';100.60;68.80;141.60;74.80;'Arial';10;0;0;0;0;0;'I';None;0
'subtotal';'T';185.80;236.90;208.10;241.70;'Arial';9;0;0;0;0;0;'D';'';0
'subtotal.L';'T';160.50;236.90;184.70;241.70;'Arial';9;0;0;0;0;0;'I';'Subtotal:';0
