'CUIT';'T';105.70;33.00;156.70;38.00;'Arial';10;0;0;0;0;0;'C';'';2
'Cliente';'T';9.20;45.00;25.40;51.00;'Arial';10;0;0;0;0;0;'I';'Sr.(s):';0
'Cliente.CUIT';'T';101.10;59.90;141.10;64.90;'Arial';10;0;0;0;0;65535;'I';None;0
'Cliente.Domicilio';'T';26.60;49.90;140.70;55.90;'Arial';10;0;0;0;0;65535;'I';None;0
'Cliente.Domicilio.L';'t';9.30;50.10;30.50;56.10;'Arial';10;0;0;0;0;0;'I';'Direcci\xf3n:';0
'Cliente.IVA.L';'T';9.20;60.00;27.40;65.00;'Arial';10;0;0;0;0;0;'I';'IVA:';0
'Cliente.Localidad.L';'T';9.10;54.50;28.10;60.50;'Arial';10;0;0;0;0;0;'I';'Localidad:';0
'Cliente.Nombre';'T';45.90;44.90;116.70;50.90;'Arial';10;0;0;0;0;65535;'I';None;0
'Cliente.Provincia.L';'T';81.10;54.90;100.10;60.90;'Arial';10;0;0;0;0;0;'I';'Provincia:';0
'Cliente.TipoDoc';'T';81.10;59.90;101.10;64.90;'Arial';10;0;0;0;0;0;'I';'CUIT:';0
'CodigoBarrasLegible';'T';10.30;283.90;101.90;286.80;'Arial';6;0;0;0;0;0;'C';'3369345023901000161101021770094201103155';3
'Comprobante.N\xba';'T';106.10;19.80;116.10;25.30;'Arial';14;1;0;0;0;0;'I';'N\xba: ';2
'ComprobanteEx.L';'T';98.70;8.70;106.50;13.20;'Arial Black';13;0;0;0;0;0;'C';'COMPROBANTE NO VALIDO COMO FACTURA';2
'ComprobanteEx.L_copy';'T';109.10;8.70;204.80;13.20;'Arial Black';13;0;0;0;0;0;'C';'COMPROBANTE NO VALIDO COMO FACTURA';2
'Cuadro';'B';8.00;8.10;208.00;286.80;'Arial';0;0;0;0;0;0;'I';None;-3
'CuadroX';'B';98.40;8.10;108.40;18.40;'Arial';0;1;0;0;0;0;'I';None;2
'EMPRESA';'T';37.80;17.30;101.70;22.30;'Arial';12;1;0;0;0;0;'I';'';2
'Fecha';'T';173.90;18.70;213.90;25.00;'Arial';12;0;0;0;0;65535;'I';None;0
'Fecha.L';'T';155.90;18.70;173.20;24.60;'Arial';12;0;0;0;0;0;'I';'Fecha:';0
'IIBB';'T';157.70;33.00;205.70;38.00;'Arial';10;0;0;0;0;0;'C';'';2
'INICIO';'T';105.60;38.30;205.80;43.30;'Arial';10;0;0;0;0;0;'I';'';2
'IVA';'T';9.80;38.10;101.70;43.10;'Arial';10;0;0;0;0;0;'I';'';2
'IVA10.5';'T';186.30;267.50;207.40;271.50;'Arial';9;0;0;0;0;65535;'D';None;0
'IVA10.5.L';'T';154.00;267.60;175.30;271.60;'Arial';9;0;0;0;0;0;'I';'I.V.A. 10,5%';0
'IVA2.5';'T';186.30;259.10;207.40;263.10;'Arial';9;0;0;0;0;65535;'D';None;0
'IVA2.5.L';'T';154.00;259.20;175.30;263.20;'Arial';9;0;0;0;0;0;'I';'I.V.A. 2.5%';0
'IVA21';'T';186.30;271.80;207.40;275.80;'Arial';9;0;0;0;0;65535;'D';None;0
'IVA21.L';'T';153.90;271.80;175.20;275.80;'Arial';9;0;0;0;0;0;'I';'I.V.A. 21%';0
'IVA27';'T';186.40;275.90;207.50;279.90;'Arial';9;0;0;0;0;65535;'D';None;0
'IVA27.L';'T';154.00;275.90;175.30;279.90;'Arial';9;0;0;0;0;0;'I';'I.V.A. 27%';0
'IVA5';'T';186.40;263.40;207.50;267.40;'Arial';9;0;0;0;0;65535;'D';None;0
'IVA5.L';'T';154.00;263.40;175.30;267.40;'Arial';9;0;0;0;0;0;'I';'I.V.A. 5%';0
'Item.AlicuotaIVA';'T';164.00;73.40;183.20;78.40;'Arial';8;0;0;0;0;65535;'C';'IVA';0
'Item.AlicuotaIva01';'T';163.80;78.50;171.40;82.30;'Arial';8;0;0;0;0;65535;'D';'';0
'Item.AlicuotaIva02';'T';163.80;82.50;171.40;86.30;'Arial';8;0;0;0;0;65535;'D';'';0
'Item.AlicuotaIva03';'T';163.80;86.50;171.40;90.30;'Arial';8;0;0;0;0;65535;'D';'';0
'Item.AlicuotaIva04';'T';163.80;90.50;171.40;94.30;'Arial';8;0;0;0;0;65535;'D';'';0
'Item.AlicuotaIva05';'T';163.80;94.50;171.40;98.30;'Arial';8;0;0;0;0;65535;'D';'';0
'Item.AlicuotaIva06';'T';163.80;98.50;171.40;102.30;'Arial';8;0;0;0;0;65535;'D';'';0
'Item.AlicuotaIva07';'T';163.80;102.50;171.40;106.30;'Arial';8;0;0;0;0;65535;'D';'';0
'Item.AlicuotaIva08';'T';163.80;106.50;171.40;110.30;'Arial';8;0;0;0;0;65535;'D';'';0
'Item.AlicuotaIva09';'T';163.80;110.50;171.40;114.30;'Arial';8;0;0;0;0;65535;'D';'';0
'Item.AlicuotaIva10';'T';163.80;114.50;171.40;118.30;'Arial';8;0;0;0;0;65535;'D';'';0
'Item.AlicuotaIva11';'T';163.80;118.50;171.40;122.30;'Arial';8;0;0;0;0;65535;'D';'';0
'Item.AlicuotaIva12';'T';163.80;122.50;171.40;126.30;'Arial';8;0;0;0;0;65535;'D';'';0
'Item.AlicuotaIva13';'T';163.80;126.50;171.40;130.30;'Arial';8;0;0;0;0;65535;'D';'';0
'Item.AlicuotaIva14';'T';163.80;130.50;171.40;134.30;'Arial';8;0;0;0;0;65535;'D';'';0
'Item.AlicuotaIva15';'T';163.80;134.50;171.40;138.30;'Arial';8;0;0;0;0;65535;'D';'';0
'Item.AlicuotaIva16';'T';163.80;138.50;171.40;142.30;'Arial';8;0;0;0;0;65535;'D';'';0
'Item.AlicuotaIva17';'T';163.80;142.50;171.40;146.30;'Arial';8;0;0;0;0;65535;'D';'';0
'Item.AlicuotaIva18';'T';163.80;146.50;171.40;150.30;'Arial';8;0;0;0;0;65535;'D';'';0
'Item.AlicuotaIva19';'T';163.80;150.50;171.40;154.30;'Arial';8;0;0;0;0;65535;'D';'';0
'Item.AlicuotaIva20';'T';163.80;154.50;171.40;158.30;'Arial';8;0;0;0;0;65535;'D';'';0
'Item.AlicuotaIva21';'T';163.80;158.50;171.40;162.30;'Arial';8;0;0;0;0;65535;'D';'';0
'Item.AlicuotaIva22';'T';163.80;162.50;171.40;166.30;'Arial';8;0;0;0;0;65535;'D';'';0
'Item.AlicuotaIva23';'T';163.80;166.50;171.40;170.30;'Arial';8;0;0;0;0;65535;'D';'';0
'Item.AlicuotaIva24';'T';163.80;170.50;171.40;174.30;'Arial';8;0;0;0;0;65535;'D';'';0
'Item.AlicuotaIva25';'T';163.80;174.50;171.40;178.30;'Arial';8;0;0;0;0;65535;'D';'';0
'Item.AlicuotaIva26';'T';163.80;178.50;171.40;182.30;'Arial';8;0;0;0;0;65535;'D';'';0
'Item.AlicuotaIva27';'T';163.80;182.50;171.40;186.30;'Arial';8;0;0;0;0;65535;'D';'';0
'Item.AlicuotaIva28';'T';163.80;186.50;171.40;190.30;'Arial';8;0;0;0;0;65535;'D';'';0
'Item.AlicuotaIva29';'T';163.80;190.50;171.40;194.30;'Arial';8;0;0;0;0;65535;'D';'';0
'Item.AlicuotaIva30';'T';163.80;194.50;171.40;198.30;'Arial';8;0;0;0;0;65535;'D';'';0
'Item.AlicuotaIva31';'T';163.80;198.50;171.40;202.30;'Arial';8;0;0;0;0;65535;'D';'';0
'Item.AlicuotaIva32';'T';163.80;202.50;171.40;206.30;'Arial';8;0;0;0;0;65535;'D';'';0
'Item.AlicuotaIva33';'T';163.80;206.50;171.40;210.30;'Arial';8;0;0;0;0;65535;'D';'';0
'Item.AlicuotaIva34';'T';163.80;210.50;171.40;214.30;'Arial';8;0;0;0;0;65535;'D';'';0
'Item.AlicuotaIva35';'T';163.80;214.50;171.40;218.30;'Arial';8;0;0;0;0;65535;'D';'';0
'Item.AlicuotaIva36';'T';163.80;218.50;171.40;222.30;'Arial';8;0;0;0;0;65535;'D';'';0
'Item.AlicuotaIva37';'T';163.80;222.50;171.40;226.30;'Arial';8;0;0;0;0;65535;'D';'';0
'Item.AlicuotaIva38';'T';163.80;226.50;171.40;230.30;'Arial';8;0;0;0;0;65535;'D';'';0
'Item.AlicuotaIva39';'T';163.80;230.50;171.40;234.30;'Arial';8;0;0;0;0;65535;'D';'';0
'Item.Bonif01';'T';137.00;78.70;146.60;82.50;'Arial';8;0;0;0;0;65535;'D';'';0
'Item.Bonif02';'T';137.00;82.70;146.60;86.50;'Arial';8;0;0;0;0;65535;'D';'';0
'Item.Bonif03';'T';137.00;86.70;146.60;90.50;'Arial';8;0;0;0;0;65535;'D';'';0
'Item.Bonif04';'T';137.00;90.70;146.60;94.50;'Arial';8;0;0;0;0;65535;'D';'';0
'Item.Bonif05';'T';137.00;94.70;146.60;98.50;'Arial';8;0;0;0;0;65535;'D';'';0
'Item.Bonif06';'T';137.00;98.70;146.60;102.50;'Arial';8;0;0;0;0;65535;'D';'';0
'Item.Bonif07';'T';137.00;102.70;146.60;106.50;'Arial';8;0;0;0;0;65535;'D';'';0
'Item.Bonif08';'T';137.00;106.70;146.60;110.50;'Arial';8;0;0;0;0;65535;'D';'';0
'Item.Bonif09';'T';137.00;110.70;146.60;114.50;'Arial';8;0;0;0;0;65535;'D';'';0
'Item.Bonif10';'T';137.00;114.70;146.60;118.50;'Arial';8;0;0;0;0;65535;'D';'';0
'Item.Bonif11';'T';137.00;118.70;146.60;122.50;'Arial';8;0;0;0;0;65535;'D';'';0
'Item.Bonif12';'T';137.00;122.70;146.60;126.50;'Arial';8;0;0;0;0;65535;'D';'';0
'Item.Bonif13';'T';137.00;126.70;146.60;130.50;'Arial';8;0;0;0;0;65535;'D';'';0
'Item.Bonif14';'T';137.00;130.70;146.60;134.50;'Arial';8;0;0;0;0;65535;'D';'';0
'Item.Bonif15';'T';137.00;134.70;146.60;138.50;'Arial';8;0;0;0;0;65535;'D';'';0
'Item.Bonif16';'T';137.00;138.70;146.60;142.50;'Arial';8;0;0;0;0;65535;'D';'';0
'Item.Bonif17';'T';137.00;142.70;146.60;146.50;'Arial';8;0;0;0;0;65535;'D';'';0
'Item.Bonif18';'T';137.00;146.70;146.60;150.50;'Arial';8;0;0;0;0;65535;'D';'';0
'Item.Bonif19';'T';137.00;150.70;146.60;154.50;'Arial';8;0;0;0;0;65535;'D';'';0
'Item.Bonif20';'T';137.00;154.70;146.60;158.50;'Arial';8;0;0;0;0;65535;'D';'';0
'Item.Bonif21';'T';137.00;158.70;146.60;162.50;'Arial';8;0;0;0;0;65535;'D';'';0
'Item.Bonif22';'T';137.00;162.70;146.60;166.50;'Arial';8;0;0;0;0;65535;'D';'';0
'Item.Bonif23';'T';137.00;166.70;146.60;170.50;'Arial';8;0;0;0;0;65535;'D';'';0
'Item.Bonif24';'T';137.00;170.70;146.60;174.50;'Arial';8;0;0;0;0;65535;'D';'';0
'Item.Bonif25';'T';137.00;174.70;146.60;178.50;'Arial';8;0;0;0;0;65535;'D';'';0
'Item.Bonif26';'T';137.00;178.70;146.60;182.50;'Arial';8;0;0;0;0;65535;'D';'';0
'Item.Bonif27';'T';137.00;182.70;146.60;186.50;'Arial';8;0;0;0;0;65535;'D';'';0
'Item.Bonif28';'T';137.00;186.70;146.60;190.50;'Arial';8;0;0;0;0;65535;'D';'';0
'Item.Bonif29';'T';137.00;190.70;146.60;194.50;'Arial';8;0;0;0;0;65535;'D';'';0
'Item.Bonif30';'T';137.00;194.70;146.60;198.50;'Arial';8;0;0;0;0;65535;'D';'';0
'Item.Bonif31';'T';137.00;198.70;146.60;202.50;'Arial';8;0;0;0;0;65535;'D';'';0
'Item.Bonif32';'T';137.00;202.70;146.60;206.50;'Arial';8;0;0;0;0;65535;'D';'';0
'Item.Bonif33';'T';137.00;206.70;146.60;210.50;'Arial';8;0;0;0;0;65535;'D';'';0
'Item.Bonif34';'T';137.00;210.70;146.60;214.50;'Arial';8;0;0;0;0;65535;'D';'';0
'Item.Bonif35';'T';137.00;214.70;146.60;218.50;'Arial';8;0;0;0;0;65535;'D';'';0
'Item.Bonif36';'T';137.00;218.70;146.60;222.50;'Arial';8;0;0;0;0;65535;'D';'';0
'Item.Bonif37';'T';137.00;222.70;146.60;226.50;'Arial';8;0;0;0;0;65535;'D';'';0
'Item.Bonif38';'T';137.00;226.70;146.60;230.50;'Arial';8;0;0;0;0;65535;'D';'';0
'Item.Bonif39';'T';137.00;230.70;146.60;234.50;'Arial';8;0;0;0;0;65535;'D';'';0
'Item.Bonificacion';'T';136.40;73.40;147.00;78.40;'Arial';8;0;0;0;0;65535;'C';'Bonif.';0
'Item.Cantidad';'T';123.10;73.50;135.80;78.50;'Arial';8;0;0;0;0;65535;'C';'Cantidad';0
'Item.Cantidad01';'T';124.10;78.70;135.40;82.50;'Arial';8;0;0;0;0;65535;'D';'';0
'Item.Cantidad02';'T';124.10;82.70;135.40;86.50;'Arial';8;0;0;0;0;65535;'D';'';0
'Item.Cantidad03';'T';124.10;86.70;135.40;90.50;'Arial';8;0;0;0;0;65535;'D';'';0
'Item.Cantidad04';'T';124.10;90.70;135.40;94.50;'Arial';8;0;0;0;0;65535;'D';'';0
'Item.Cantidad05';'T';124.10;94.70;135.40;98.50;'Arial';8;0;0;0;0;65535;'D';'';0
'Item.Cantidad06';'T';124.10;98.70;135.40;102.50;'Arial';8;0;0;0;0;65535;'D';'';0
'Item.Cantidad07';'T';124.10;102.70;135.40;106.50;'Arial';8;0;0;0;0;65535;'D';'';0
'Item.Cantidad08';'T';124.10;106.70;135.40;110.50;'Arial';8;0;0;0;0;65535;'D';'';0
'Item.Cantidad09';'T';124.10;110.70;135.40;114.50;'Arial';8;0;0;0;0;65535;'D';'';0
'Item.Cantidad10';'T';124.10;114.70;135.40;118.50;'Arial';8;0;0;0;0;65535;'D';'';0
'Item.Cantidad11';'T';124.10;118.70;135.40;122.50;'Arial';8;0;0;0;0;65535;'D';'';0
'Item.Cantidad12';'T';124.10;122.70;135.40;126.50;'Arial';8;0;0;0;0;65535;'D';'';0
'Item.Cantidad13';'T';124.10;126.70;135.40;130.50;'Arial';8;0;0;0;0;65535;'D';'';0
'Item.Cantidad14';'T';124.10;130.70;135.40;134.50;'Arial';8;0;0;0;0;65535;'D';'';0
'Item.Cantidad15';'T';124.10;134.70;135.40;138.50;'Arial';8;0;0;0;0;65535;'D';'';0
'Item.Cantidad16';'T';124.10;138.70;135.40;142.50;'Arial';8;0;0;0;0;65535;'D';'';0
'Item.Cantidad17';'T';124.10;142.70;135.40;146.50;'Arial';8;0;0;0;0;65535;'D';'';0
'Item.Cantidad18';'T';124.10;146.70;135.40;150.50;'Arial';8;0;0;0;0;65535;'D';'';0
'Item.Cantidad19';'T';124.10;150.70;135.40;154.50;'Arial';8;0;0;0;0;65535;'D';'';0
'Item.Cantidad20';'T';124.10;154.70;135.40;158.50;'Arial';8;0;0;0;0;65535;'D';'';0
'Item.Cantidad21';'T';124.10;158.70;135.40;162.50;'Arial';8;0;0;0;0;65535;'D';'';0
'Item.Cantidad22';'T';124.10;162.70;135.40;166.50;'Arial';8;0;0;0;0;65535;'D';'';0
'Item.Cantidad23';'T';124.10;166.70;135.40;170.50;'Arial';8;0;0;0;0;65535;'D';'';0
'Item.Cantidad24';'T';124.10;170.70;135.40;174.50;'Arial';8;0;0;0;0;65535;'D';'';0
'Item.Cantidad25';'T';124.10;174.70;135.40;178.50;'Arial';8;0;0;0;0;65535;'D';'';0
'Item.Cantidad26';'T';124.10;178.70;135.40;182.50;'Arial';8;0;0;0;0;65535;'D';'';0
'Item.Cantidad27';'T';124.10;182.70;135.40;186.50;'Arial';8;0;0;0;0;65535;'D';'';0
'Item.Cantidad28';'T';124.10;186.70;135.40;190.50;'Arial';8;0;0;0;0;65535;'D';'';0
'Item.Cantidad29';'T';124.10;190.70;135.40;194.50;'Arial';8;0;0;0;0;65535;'D';'';0
'Item.Cantidad30';'T';124.10;194.70;135.40;198.50;'Arial';8;0;0;0;0;65535;'D';'';0
'Item.Cantidad31';'T';124.10;198.70;135.40;202.50;'Arial';8;0;0;0;0;65535;'D';'';0
'Item.Cantidad32';'T';124.10;202.70;135.40;206.50;'Arial';8;0;0;0;0;65535;'D';'';0
'Item.Cantidad33';'T';124.10;206.70;135.40;210.50;'Arial';8;0;0;0;0;65535;'D';'';0
'Item.Cantidad34';'T';124.10;210.70;135.40;214.50;'Arial';8;0;0;0;0;65535;'D';'';0
'Item.Cantidad35';'T';124.10;214.70;135.40;218.50;'Arial';8;0;0;0;0;65535;'D';'';0
'Item.Cantidad36';'T';124.10;218.70;135.40;222.50;'Arial';8;0;0;0;0;65535;'D';'';0
'Item.Cantidad37';'T';124.10;222.70;135.40;226.50;'Arial';8;0;0;0;0;65535;'D';'';0
'Item.Cantidad38';'T';124.10;226.70;135.40;230.50;'Arial';8;0;0;0;0;65535;'D';'';0
'Item.Cantidad39';'T';124.10;230.70;135.40;234.50;'Arial';8;0;0;0;0;65535;'D';'';0
'Item.Codigo';'T';9.30;73.30;33.50;78.30;'Arial';8;0;0;0;0;65535;'C';'Articulo';0
'Item.Codigo01';'T';9.80;78.50;32.90;82.30;'Arial';8;0;0;0;0;65535;'D';'';0
'Item.Codigo02';'T';9.80;82.50;32.90;86.30;'Arial';8;0;0;0;0;65535;'D';'';0
'Item.Codigo03';'T';9.80;86.50;32.90;90.30;'Arial';8;0;0;0;0;65535;'D';'';0
'Item.Codigo04';'T';9.80;90.50;32.90;94.30;'Arial';8;0;0;0;0;65535;'D';'';0
'Item.Codigo05';'T';9.80;94.50;32.90;98.30;'Arial';8;0;0;0;0;65535;'D';'';0
'Item.Codigo06';'T';9.80;98.50;32.90;102.30;'Arial';8;0;0;0;0;65535;'D';'';0
'Item.Codigo07';'T';9.80;102.50;32.90;106.30;'Arial';8;0;0;0;0;65535;'D';'';0
'Item.Codigo08';'T';9.80;106.50;32.90;110.30;'Arial';8;0;0;0;0;65535;'D';'';0
'Item.Codigo09';'T';9.80;110.50;32.90;114.30;'Arial';8;0;0;0;0;65535;'D';'';0
'Item.Codigo10';'T';9.80;114.50;32.90;118.30;'Arial';8;0;0;0;0;65535;'D';'';0
'Item.Codigo11';'T';9.80;118.50;32.90;122.30;'Arial';8;0;0;0;0;65535;'D';'';0
'Item.Codigo12';'T';9.80;122.50;32.90;126.30;'Arial';8;0;0;0;0;65535;'D';'';0
'Item.Codigo13';'T';9.80;126.50;32.90;130.30;'Arial';8;0;0;0;0;65535;'D';'';0
'Item.Codigo14';'T';9.80;130.50;32.90;134.30;'Arial';8;0;0;0;0;65535;'D';'';0
'Item.Codigo15';'T';9.80;134.50;32.90;138.30;'Arial';8;0;0;0;0;65535;'D';'';0
'Item.Codigo16';'T';9.80;138.50;32.90;142.30;'Arial';8;0;0;0;0;65535;'D';'';0
'Item.Codigo17';'T';9.80;142.50;32.90;146.30;'Arial';8;0;0;0;0;65535;'D';'';0
'Item.Codigo18';'T';9.80;146.50;32.90;150.30;'Arial';8;0;0;0;0;65535;'D';'';0
'Item.Codigo19';'T';9.80;150.50;32.90;154.30;'Arial';8;0;0;0;0;65535;'D';'';0
'Item.Codigo20';'T';9.80;154.50;32.90;158.30;'Arial';8;0;0;0;0;65535;'D';'';0
'Item.Codigo21';'T';9.80;158.50;32.90;162.30;'Arial';8;0;0;0;0;65535;'D';'';0
'Item.Codigo22';'T';9.80;162.50;32.90;166.30;'Arial';8;0;0;0;0;65535;'D';'';0
'Item.Codigo23';'T';9.80;166.50;32.90;170.30;'Arial';8;0;0;0;0;65535;'D';'';0
'Item.Codigo24';'T';9.80;170.50;32.90;174.30;'Arial';8;0;0;0;0;65535;'D';'';0
'Item.Codigo25';'T';9.80;174.50;32.90;178.30;'Arial';8;0;0;0;0;65535;'D';'';0
'Item.Codigo26';'T';9.80;178.50;32.90;182.30;'Arial';8;0;0;0;0;65535;'D';'';0
'Item.Codigo27';'T';9.80;182.50;32.90;186.30;'Arial';8;0;0;0;0;65535;'D';'';0
'Item.Codigo28';'T';9.80;186.50;32.90;190.30;'Arial';8;0;0;0;0;65535;'D';'';0
'Item.Codigo29';'T';9.80;190.50;32.90;194.30;'Arial';8;0;0;0;0;65535;'D';'';0
'Item.Codigo30';'T';9.80;194.50;32.90;198.30;'Arial';8;0;0;0;0;65535;'D';'';0
'Item.Codigo31';'T';9.80;198.50;32.90;202.30;'Arial';8;0;0;0;0;65535;'D';'';0
'Item.Codigo32';'T';9.80;202.50;32.90;206.30;'Arial';8;0;0;0;0;65535;'D';'';0
'Item.Codigo33';'T';9.80;206.50;32.90;210.30;'Arial';8;0;0;0;0;65535;'D';'';0
'Item.Codigo34';'T';9.80;210.50;32.90;214.30;'Arial';8;0;0;0;0;65535;'D';'';0
'Item.Codigo35';'T';9.80;214.50;32.90;218.30;'Arial';8;0;0;0;0;65535;'D';'';0
'Item.Codigo36';'T';9.80;218.50;32.90;222.30;'Arial';8;0;0;0;0;65535;'D';'';0
'Item.Codigo37';'T';9.80;222.50;32.90;226.30;'Arial';8;0;0;0;0;65535;'D';'';0
'Item.Codigo38';'T';9.80;226.50;32.90;230.30;'Arial';8;0;0;0;0;65535;'D';'';0
'Item.Codigo39';'T';9.80;230.50;32.90;234.30;'Arial';8;0;0;0;0;65535;'D';'';0
'Item.Dato_A01';'T';106.90;78.60;114.20;82.40;'Arial';8;0;0;0;0;65535;'D';'';0
'Item.Dato_A02';'T';106.90;82.60;114.20;86.40;'Arial';8;0;0;0;0;65535;'D';'';0
'Item.Dato_A03';'T';106.90;86.60;114.20;90.40;'Arial';8;0;0;0;0;65535;'D';'';0
'Item.Dato_A04';'T';106.90;90.60;114.20;94.40;'Arial';8;0;0;0;0;65535;'D';'';0
'Item.Dato_A05';'T';106.90;94.60;114.20;98.40;'Arial';8;0;0;0;0;65535;'D';'';0
'Item.Dato_A06';'T';106.90;98.60;114.20;102.40;'Arial';8;0;0;0;0;65535;'D';'';0
'Item.Dato_A07';'T';106.90;102.60;114.20;106.40;'Arial';8;0;0;0;0;65535;'D';'';0
'Item.Dato_A08';'T';106.90;106.60;114.20;110.40;'Arial';8;0;0;0;0;65535;'D';'';0
'Item.Dato_A09';'T';106.90;110.60;114.20;114.40;'Arial';8;0;0;0;0;65535;'D';'';0
'Item.Dato_A10';'T';106.90;114.60;114.20;118.40;'Arial';8;0;0;0;0;65535;'D';'';0
'Item.Dato_A11';'T';106.90;118.60;114.20;122.40;'Arial';8;0;0;0;0;65535;'D';'';0
'Item.Dato_A12';'T';106.90;122.60;114.20;126.40;'Arial';8;0;0;0;0;65535;'D';'';0
'Item.Dato_A13';'T';106.90;126.60;114.20;130.40;'Arial';8;0;0;0;0;65535;'D';'';0
'Item.Dato_A14';'T';106.90;130.60;114.20;134.40;'Arial';8;0;0;0;0;65535;'D';'';0
'Item.Dato_A15';'T';106.90;134.60;114.20;138.40;'Arial';8;0;0;0;0;65535;'D';'';0
'Item.Dato_A16';'T';106.90;138.60;114.20;142.40;'Arial';8;0;0;0;0;65535;'D';'';0
'Item.Dato_A17';'T';106.90;142.60;114.20;146.40;'Arial';8;0;0;0;0;65535;'D';'';0
'Item.Dato_A18';'T';106.90;146.60;114.20;150.40;'Arial';8;0;0;0;0;65535;'D';'';0
'Item.Dato_A19';'T';106.90;150.60;114.20;154.40;'Arial';8;0;0;0;0;65535;'D';'';0
'Item.Dato_A20';'T';106.90;154.60;114.20;158.40;'Arial';8;0;0;0;0;65535;'D';'';0
'Item.Dato_A21';'T';106.90;158.60;114.20;162.40;'Arial';8;0;0;0;0;65535;'D';'';0
'Item.Dato_A22';'T';106.90;162.60;114.20;166.40;'Arial';8;0;0;0;0;65535;'D';'';0
'Item.Dato_A23';'T';106.90;166.60;114.20;170.40;'Arial';8;0;0;0;0;65535;'D';'';0
'Item.Dato_A24';'T';106.90;170.60;114.20;174.40;'Arial';8;0;0;0;0;65535;'D';'';0
'Item.Dato_A25';'T';106.90;174.60;114.20;178.40;'Arial';8;0;0;0;0;65535;'D';'';0
'Item.Dato_A26';'T';106.90;178.60;114.20;182.40;'Arial';8;0;0;0;0;65535;'D';'';0
'Item.Dato_A27';'T';106.90;182.60;114.20;186.40;'Arial';8;0;0;0;0;65535;'D';'';0
'Item.Dato_A28';'T';106.90;186.60;114.20;190.40;'Arial';8;0;0;0;0;65535;'D';'';0
'Item.Dato_A29';'T';106.90;190.60;114.20;194.40;'Arial';8;0;0;0;0;65535;'D';'';0
'Item.Dato_A30';'T';106.90;194.60;114.20;198.40;'Arial';8;0;0;0;0;65535;'D';'';0
'Item.Dato_A31';'T';106.90;198.60;114.20;202.40;'Arial';8;0;0;0;0;65535;'D';'';0
'Item.Dato_A32';'T';106.90;202.60;114.20;206.40;'Arial';8;0;0;0;0;65535;'D';'';0
'Item.Dato_A33';'T';106.90;206.60;114.20;210.40;'Arial';8;0;0;0;0;65535;'D';'';0
'Item.Dato_A34';'T';106.90;210.60;114.20;214.40;'Arial';8;0;0;0;0;65535;'D';'';0
'Item.Dato_A35';'T';106.90;214.60;114.20;218.40;'Arial';8;0;0;0;0;65535;'D';'';0
'Item.Dato_A36';'T';106.90;218.60;114.20;222.40;'Arial';8;0;0;0;0;65535;'D';'';0
'Item.Dato_A37';'T';106.90;222.60;114.20;226.40;'Arial';8;0;0;0;0;65535;'D';'';0
'Item.Dato_A38';'T';106.90;226.60;114.20;230.40;'Arial';8;0;0;0;0;65535;'D';'';0
'Item.Dato_A39';'T';106.90;230.60;114.20;234.40;'Arial';8;0;0;0;0;65535;'D';'';0
'Item.Dato_B01';'T';114.40;78.70;122.20;82.50;'Arial';8;0;0;0;0;65535;'D';'';0
'Item.Dato_B02';'T';114.60;82.70;122.40;86.50;'Arial';8;0;0;0;0;65535;'D';'';0
'Item.Dato_B03';'T';114.60;86.70;122.40;90.50;'Arial';8;0;0;0;0;65535;'D';'';0
'Item.Dato_B04';'T';114.60;90.70;122.40;94.50;'Arial';8;0;0;0;0;65535;'D';'';0
'Item.Dato_B05';'T';114.60;94.70;122.40;98.50;'Arial';8;0;0;0;0;65535;'D';'';0
'Item.Dato_B06';'T';114.60;98.70;122.40;102.50;'Arial';8;0;0;0;0;65535;'D';'';0
'Item.Dato_B07';'T';114.60;102.70;122.40;106.50;'Arial';8;0;0;0;0;65535;'D';'';0
'Item.Dato_B08';'T';114.60;106.70;122.40;110.50;'Arial';8;0;0;0;0;65535;'D';'';0
'Item.Dato_B09';'T';114.60;110.70;122.40;114.50;'Arial';8;0;0;0;0;65535;'D';'';0
'Item.Dato_B10';'T';114.60;114.70;122.40;118.50;'Arial';8;0;0;0;0;65535;'D';'';0
'Item.Dato_B11';'T';114.60;118.70;122.40;122.50;'Arial';8;0;0;0;0;65535;'D';'';0
'Item.Dato_B12';'T';114.60;122.70;122.40;126.50;'Arial';8;0;0;0;0;65535;'D';'';0
'Item.Dato_B13';'T';114.60;126.70;122.40;130.50;'Arial';8;0;0;0;0;65535;'D';'';0
'Item.Dato_B14';'T';114.60;130.70;122.40;134.50;'Arial';8;0;0;0;0;65535;'D';'';0
'Item.Dato_B15';'T';114.60;134.70;122.40;138.50;'Arial';8;0;0;0;0;65535;'D';'';0
'Item.Dato_B16';'T';114.60;138.70;122.40;142.50;'Arial';8;0;0;0;0;65535;'D';'';0
'Item.Dato_B17';'T';114.60;142.70;122.40;146.50;'Arial';8;0;0;0;0;65535;'D';'';0
'Item.Dato_B18';'T';114.60;146.70;122.40;150.50;'Arial';8;0;0;0;0;65535;'D';'';0
'Item.Dato_B19';'T';114.60;150.70;122.40;154.50;'Arial';8;0;0;0;0;65535;'D';'';0
'Item.Dato_B20';'T';114.60;154.70;122.40;158.50;'Arial';8;0;0;0;0;65535;'D';'';0
'Item.Dato_B21';'T';114.60;158.70;122.40;162.50;'Arial';8;0;0;0;0;65535;'D';'';0
'Item.Dato_B22';'T';114.60;162.70;122.40;166.50;'Arial';8;0;0;0;0;65535;'D';'';0
'Item.Dato_B23';'T';114.60;166.70;122.40;170.50;'Arial';8;0;0;0;0;65535;'D';'';0
'Item.Dato_B24';'T';114.60;170.70;122.40;174.50;'Arial';8;0;0;0;0;65535;'D';'';0
'Item.Dato_B25';'T';114.60;174.70;122.40;178.50;'Arial';8;0;0;0;0;65535;'D';'';0
'Item.Dato_B26';'T';114.60;178.70;122.40;182.50;'Arial';8;0;0;0;0;65535;'D';'';0
'Item.Dato_B27';'T';114.60;182.70;122.40;186.50;'Arial';8;0;0;0;0;65535;'D';'';0
'Item.Dato_B28';'T';114.60;186.70;122.40;190.50;'Arial';8;0;0;0;0;65535;'D';'';0
'Item.Dato_B29';'T';114.60;190.70;122.40;194.50;'Arial';8;0;0;0;0;65535;'D';'';0
'Item.Dato_B30';'T';114.60;194.70;122.40;198.50;'Arial';8;0;0;0;0;65535;'D';'';0
'Item.Dato_B31';'T';114.60;198.70;122.40;202.50;'Arial';8;0;0;0;0;65535;'D';'';0
'Item.Dato_B32';'T';114.60;202.70;122.40;206.50;'Arial';8;0;0;0;0;65535;'D';'';0
'Item.Dato_B33';'T';114.60;206.70;122.40;210.50;'Arial';8;0;0;0;0;65535;'D';'';0
'Item.Dato_B34';'T';114.60;210.70;122.40;214.50;'Arial';8;0;0;0;0;65535;'D';'';0
'Item.Dato_B35';'T';114.60;214.70;122.40;218.50;'Arial';8;0;0;0;0;65535;'D';'';0
'Item.Dato_B36';'T';114.60;218.70;122.40;222.50;'Arial';8;0;0;0;0;65535;'D';'';0
'Item.Dato_B37';'T';114.60;222.70;122.40;226.50;'Arial';8;0;0;0;0;65535;'D';'';0
'Item.Dato_B38';'T';114.60;226.70;122.40;230.50;'Arial';8;0;0;0;0;65535;'D';'';0
'Item.Dato_B39';'T';114.60;230.70;122.40;234.50;'Arial';8;0;0;0;0;65535;'D';'';0
'Item.Descripcion';'T';43.30;73.40;122.00;78.40;'Arial';8;0;0;0;0;65535;'C';'Descripci\xf3n';0
'Item.Descripcion01';'T';44.10;78.30;106.40;82.30;'Arial';8;0;0;0;0;65535;'I';'';0
'Item.Descripcion02';'T';44.10;82.30;106.40;86.30;'Arial';8;0;0;0;0;65535;'I';'';0
'Item.Descripcion03';'T';44.10;86.30;106.40;90.30;'Arial';8;0;0;0;0;65535;'I';'';0
'Item.Descripcion04';'T';44.10;90.30;106.40;94.30;'Arial';8;0;0;0;0;65535;'I';'';0
'Item.Descripcion05';'T';44.10;94.30;106.40;98.30;'Arial';8;0;0;0;0;65535;'I';'';0
'Item.Descripcion06';'T';44.10;98.30;106.40;102.30;'Arial';8;0;0;0;0;65535;'I';'';0
'Item.Descripcion07';'T';44.10;102.30;106.40;106.30;'Arial';8;0;0;0;0;65535;'I';'';0
'Item.Descripcion08';'T';44.10;106.30;106.40;110.30;'Arial';8;0;0;0;0;65535;'I';'';0
'Item.Descripcion09';'T';44.10;110.30;106.40;114.30;'Arial';8;0;0;0;0;65535;'I';'';0
'Item.Descripcion10';'T';44.10;114.30;106.40;118.30;'Arial';8;0;0;0;0;65535;'I';'';0
'Item.Descripcion11';'T';44.10;118.30;106.40;122.30;'Arial';8;0;0;0;0;65535;'I';'';0
'Item.Descripcion12';'T';44.10;122.30;106.40;126.30;'Arial';8;0;0;0;0;65535;'I';'';0
'Item.Descripcion13';'T';44.10;126.30;106.40;130.30;'Arial';8;0;0;0;0;65535;'I';'';0
'Item.Descripcion14';'T';44.10;130.30;106.40;134.30;'Arial';8;0;0;0;0;65535;'I';'';0
'Item.Descripcion15';'T';44.10;134.30;106.40;138.30;'Arial';8;0;0;0;0;65535;'I';'';0
'Item.Descripcion16';'T';44.10;138.30;106.40;142.30;'Arial';8;0;0;0;0;65535;'I';'';0
'Item.Descripcion17';'T';44.10;142.30;106.40;146.30;'Arial';8;0;0;0;0;65535;'I';'';0
'Item.Descripcion18';'T';44.10;146.30;106.40;150.30;'Arial';8;0;0;0;0;65535;'I';'';0
'Item.Descripcion19';'T';44.10;150.30;106.40;154.30;'Arial';8;0;0;0;0;65535;'I';'';0
'Item.Descripcion20';'T';44.10;154.30;106.40;158.30;'Arial';8;0;0;0;0;65535;'I';'';0
'Item.Descripcion21';'T';44.10;158.30;106.40;162.30;'Arial';8;0;0;0;0;65535;'I';'';0
'Item.Descripcion22';'T';44.10;162.30;106.40;166.30;'Arial';8;0;0;0;0;65535;'I';'';0
'Item.Descripcion23';'T';44.10;166.30;106.40;170.30;'Arial';8;0;0;0;0;65535;'I';'';0
'Item.Descripcion24';'T';44.10;170.30;106.40;174.30;'Arial';8;0;0;0;0;65535;'I';'';0
'Item.Descripcion25';'T';44.10;174.30;106.40;178.30;'Arial';8;0;0;0;0;65535;'I';'';0
'Item.Descripcion26';'T';44.10;178.30;106.40;182.30;'Arial';8;0;0;0;0;65535;'I';'';0
'Item.Descripcion27';'T';44.10;182.30;106.40;186.30;'Arial';8;0;0;0;0;65535;'I';'';0
'Item.Descripcion28';'T';44.10;186.30;106.40;190.30;'Arial';8;0;0;0;0;65535;'I';'';0
'Item.Descripcion29';'T';44.10;190.30;106.40;194.30;'Arial';8;0;0;0;0;65535;'I';'';0
'Item.Descripcion30';'T';44.10;194.30;106.40;198.30;'Arial';8;0;0;0;0;65535;'I';'';0
'Item.Descripcion31';'T';44.10;198.30;106.40;202.30;'Arial';8;0;0;0;0;65535;'I';'';0
'Item.Descripcion32';'T';44.10;202.30;106.40;206.30;'Arial';8;0;0;0;0;65535;'I';'';0
'Item.Descripcion33';'T';44.10;206.30;106.40;210.30;'Arial';8;0;0;0;0;65535;'I';'';0
'Item.Descripcion34';'T';44.10;210.30;106.40;214.30;'Arial';8;0;0;0;0;65535;'I';'';0
'Item.Descripcion35';'T';44.10;214.30;106.40;218.30;'Arial';8;0;0;0;0;65535;'I';'';0
'Item.Descripcion36';'T';44.10;218.30;106.40;222.30;'Arial';8;0;0;0;0;65535;'I';'';0
'Item.Descripcion37';'T';44.10;222.30;106.40;226.30;'Arial';8;0;0;0;0;65535;'I';'';0
'Item.Descripcion38';'T';44.10;226.30;106.40;230.30;'Arial';8;0;0;0;0;65535;'I';'';0
'Item.Descripcion39';'T';44.10;230.30;106.40;234.30;'Arial';8;0;0;0;0;65535;'I';'';0
'Item.Importe';'T';184.30;73.30;206.80;78.30;'Arial';8;0;0;0;0;65535;'C';'Importe';0
'Item.Importe01';'T';184.60;78.50;207.60;82.30;'Arial';8;0;0;0;0;65535;'D';'';0
'Item.Importe02';'T';184.60;82.50;207.60;86.30;'Arial';8;0;0;0;0;65535;'D';'';0
'Item.Importe03';'T';184.60;86.50;207.60;90.30;'Arial';8;0;0;0;0;65535;'D';'';0
'Item.Importe04';'T';184.60;90.50;207.60;94.30;'Arial';8;0;0;0;0;65535;'D';'';0
'Item.Importe05';'T';184.60;94.50;207.60;98.30;'Arial';8;0;0;0;0;65535;'D';'';0
'Item.Importe06';'T';184.60;98.50;207.60;102.30;'Arial';8;0;0;0;0;65535;'D';'';0
'Item.Importe07';'T';184.60;102.50;207.60;106.30;'Arial';8;0;0;0;0;65535;'D';'';0
'Item.Importe08';'T';184.60;106.50;207.60;110.30;'Arial';8;0;0;0;0;65535;'D';'';0
'Item.Importe09';'T';184.60;110.50;207.60;114.30;'Arial';8;0;0;0;0;65535;'D';'';0
'Item.Importe10';'T';184.60;114.50;207.60;118.30;'Arial';8;0;0;0;0;65535;'D';'';0
'Item.Importe11';'T';184.60;118.50;207.60;122.30;'Arial';8;0;0;0;0;65535;'D';'';0
'Item.Importe12';'T';184.60;122.50;207.60;126.30;'Arial';8;0;0;0;0;65535;'D';'';0
'Item.Importe13';'T';184.60;126.50;207.60;130.30;'Arial';8;0;0;0;0;65535;'D';'';0
'Item.Importe14';'T';184.60;130.50;207.60;134.30;'Arial';8;0;0;0;0;65535;'D';'';0
'Item.Importe15';'T';184.60;134.50;207.60;138.30;'Arial';8;0;0;0;0;65535;'D';'';0
'Item.Importe16';'T';184.60;138.50;207.60;142.30;'Arial';8;0;0;0;0;65535;'D';'';0
'Item.Importe17';'T';184.60;142.50;207.60;146.30;'Arial';8;0;0;0;0;65535;'D';'';0
'Item.Importe18';'T';184.60;146.50;207.60;150.30;'Arial';8;0;0;0;0;65535;'D';'';0
'Item.Importe19';'T';184.60;150.50;207.60;154.30;'Arial';8;0;0;0;0;65535;'D';'';0
'Item.Importe20';'T';184.60;154.50;207.60;158.30;'Arial';8;0;0;0;0;65535;'D';'';0
'Item.Importe21';'T';184.60;158.50;207.60;162.30;'Arial';8;0;0;0;0;65535;'D';'';0
'Item.Importe22';'T';184.60;162.50;207.60;166.30;'Arial';8;0;0;0;0;65535;'D';'';0
'Item.Importe23';'T';184.60;166.50;207.60;170.30;'Arial';8;0;0;0;0;65535;'D';'';0
'Item.Importe24';'T';184.60;170.50;207.60;174.30;'Arial';8;0;0;0;0;65535;'D';'';0
'Item.Importe25';'T';184.60;174.50;207.60;178.30;'Arial';8;0;0;0;0;65535;'D';'';0
'Item.Importe26';'T';184.60;178.50;207.60;182.30;'Arial';8;0;0;0;0;65535;'D';'';0
'Item.Importe27';'T';184.60;182.50;207.60;186.30;'Arial';8;0;0;0;0;65535;'D';'';0
'Item.Importe28';'T';184.60;186.50;207.60;190.30;'Arial';8;0;0;0;0;65535;'D';'';0
'Item.Importe29';'T';184.60;190.50;207.60;194.30;'Arial';8;0;0;0;0;65535;'D';'';0
'Item.Importe30';'T';184.60;194.50;207.60;198.30;'Arial';8;0;0;0;0;65535;'D';'';0
'Item.Importe31';'T';184.60;198.50;207.60;202.30;'Arial';8;0;0;0;0;65535;'D';'';0
'Item.Importe32';'T';184.60;202.50;207.60;206.30;'Arial';8;0;0;0;0;65535;'D';'';0
'Item.Importe33';'T';184.60;206.50;207.60;210.30;'Arial';8;0;0;0;0;65535;'D';'';0
'Item.Importe34';'T';184.60;210.50;207.60;214.30;'Arial';8;0;0;0;0;65535;'D';'';0
'Item.Importe35';'T';184.60;214.50;207.60;218.30;'Arial';8;0;0;0;0;65535;'D';'';0
'Item.Importe36';'T';184.60;218.50;207.60;222.30;'Arial';8;0;0;0;0;65535;'D';'';0
'Item.Importe37';'T';184.60;222.50;207.60;226.30;'Arial';8;0;0;0;0;65535;'D';'';0
'Item.Importe38';'T';184.60;226.50;207.60;230.30;'Arial';8;0;0;0;0;65535;'D';'';0
'Item.Importe39';'T';184.60;230.50;207.60;234.30;'Arial';8;0;0;0;0;65535;'D';'';0
'Item.ImporteIva01';'T';171.10;78.40;183.30;82.20;'Arial';8;0;0;0;0;65535;'D';'';0
'Item.ImporteIva02';'T';171.10;82.40;183.30;86.20;'Arial';8;0;0;0;0;65535;'D';'';0
'Item.ImporteIva03';'T';171.10;86.40;183.30;90.20;'Arial';8;0;0;0;0;65535;'D';'';0
'Item.ImporteIva04';'T';171.10;90.40;183.30;94.20;'Arial';8;0;0;0;0;65535;'D';'';0
'Item.ImporteIva05';'T';171.10;94.40;183.30;98.20;'Arial';8;0;0;0;0;65535;'D';'';0
'Item.ImporteIva06';'T';171.10;98.40;183.30;102.20;'Arial';8;0;0;0;0;65535;'D';'';0
'Item.ImporteIva07';'T';171.10;102.40;183.30;106.20;'Arial';8;0;0;0;0;65535;'D';'';0
'Item.ImporteIva08';'T';171.10;106.40;183.30;110.20;'Arial';8;0;0;0;0;65535;'D';'';0
'Item.ImporteIva09';'T';171.10;110.40;183.30;114.20;'Arial';8;0;0;0;0;65535;'D';'';0
'Item.ImporteIva10';'T';171.10;114.40;183.30;118.20;'Arial';8;0;0;0;0;65535;'D';'';0
'Item.ImporteIva11';'T';171.10;118.40;183.30;122.20;'Arial';8;0;0;0;0;65535;'D';'';0
'Item.ImporteIva12';'T';171.10;122.40;183.30;126.20;'Arial';8;0;0;0;0;65535;'D';'';0
'Item.ImporteIva13';'T';171.10;126.40;183.30;130.20;'Arial';8;0;0;0;0;65535;'D';'';0
'Item.ImporteIva14';'T';171.10;130.40;183.30;134.20;'Arial';8;0;0;0;0;65535;'D';'';0
'Item.ImporteIva15';'T';171.10;134.40;183.30;138.20;'Arial';8;0;0;0;0;65535;'D';'';0
'Item.ImporteIva16';'T';171.10;138.40;183.30;142.20;'Arial';8;0;0;0;0;65535;'D';'';0
'Item.ImporteIva17';'T';171.10;142.40;183.30;146.20;'Arial';8;0;0;0;0;65535;'D';'';0
'Item.ImporteIva18';'T';171.10;146.40;183.30;150.20;'Arial';8;0;0;0;0;65535;'D';'';0
'Item.ImporteIva19';'T';171.10;150.40;183.30;154.20;'Arial';8;0;0;0;0;65535;'D';'';0
'Item.ImporteIva20';'T';171.10;154.40;183.30;158.20;'Arial';8;0;0;0;0;65535;'D';'';0
'Item.ImporteIva21';'T';171.10;158.40;183.30;162.20;'Arial';8;0;0;0;0;65535;'D';'';0
'Item.ImporteIva22';'T';171.10;162.40;183.30;166.20;'Arial';8;0;0;0;0;65535;'D';'';0
'Item.ImporteIva23';'T';171.10;166.40;183.30;170.20;'Arial';8;0;0;0;0;65535;'D';'';0
'Item.ImporteIva24';'T';171.10;170.40;183.30;174.20;'Arial';8;0;0;0;0;65535;'D';'';0
'Item.ImporteIva25';'T';171.10;174.40;183.30;178.20;'Arial';8;0;0;0;0;65535;'D';'';0
'Item.ImporteIva26';'T';171.10;178.40;183.30;182.20;'Arial';8;0;0;0;0;65535;'D';'';0
'Item.ImporteIva27';'T';171.10;182.40;183.30;186.20;'Arial';8;0;0;0;0;65535;'D';'';0
'Item.ImporteIva28';'T';171.10;186.40;183.30;190.20;'Arial';8;0;0;0;0;65535;'D';'';0
'Item.ImporteIva29';'T';171.10;190.40;183.30;194.20;'Arial';8;0;0;0;0;65535;'D';'';0
'Item.ImporteIva30';'T';171.10;194.40;183.30;198.20;'Arial';8;0;0;0;0;65535;'D';'';0
'Item.ImporteIva31';'T';171.10;198.40;183.30;202.20;'Arial';8;0;0;0;0;65535;'D';'';0
'Item.ImporteIva32';'T';171.10;202.40;183.30;206.20;'Arial';8;0;0;0;0;65535;'D';'';0
'Item.ImporteIva33';'T';171.10;206.40;183.30;210.20;'Arial';8;0;0;0;0;65535;'D';'';0
'Item.ImporteIva34';'T';171.10;210.40;183.30;214.20;'Arial';8;0;0;0;0;65535;'D';'';0
'Item.ImporteIva35';'T';171.10;214.40;183.30;218.20;'Arial';8;0;0;0;0;65535;'D';'';0
'Item.ImporteIva36';'T';171.10;218.40;183.30;222.20;'Arial';8;0;0;0;0;65535;'D';'';0
'Item.ImporteIva37';'T';171.10;222.40;183.30;226.20;'Arial';8;0;0;0;0;65535;'D';'';0
'Item.ImporteIva38';'T';171.10;226.40;183.30;230.20;'Arial';8;0;0;0;0;65535;'D';'';0
'Item.ImporteIva39';'T';171.10;230.40;183.30;234.20;'Arial';8;0;0;0;0;65535;'D';'';0
'Item.Precio';'T';147.70;73.30;163.70;78.30;'Arial';8;0;0;0;0;65535;'C';'Precio';0
'Item.Precio01';'T';148.10;78.70;163.20;82.50;'Arial';8;0;0;0;0;65535;'D';'';0
'Item.Precio02';'T';148.10;82.70;163.20;86.50;'Arial';8;0;0;0;0;65535;'D';'';0
'Item.Precio03';'T';148.10;86.70;163.20;90.50;'Arial';8;0;0;0;0;65535;'D';'';0
'Item.Precio04';'T';148.10;90.70;163.20;94.50;'Arial';8;0;0;0;0;65535;'D';'';0
'Item.Precio05';'T';148.10;94.70;163.20;98.50;'Arial';8;0;0;0;0;65535;'D';'';0
'Item.Precio06';'T';148.10;98.70;163.20;102.50;'Arial';8;0;0;0;0;65535;'D';'';0
'Item.Precio07';'T';148.10;102.70;163.20;106.50;'Arial';8;0;0;0;0;65535;'D';'';0
'Item.Precio08';'T';148.10;106.70;163.20;110.50;'Arial';8;0;0;0;0;65535;'D';'';0
'Item.Precio09';'T';148.10;110.70;163.20;114.50;'Arial';8;0;0;0;0;65535;'D';'';0
'Item.Precio10';'T';148.10;114.70;163.20;118.50;'Arial';8;0;0;0;0;65535;'D';'';0
'Item.Precio11';'T';148.10;118.70;163.20;122.50;'Arial';8;0;0;0;0;65535;'D';'';0
'Item.Precio12';'T';148.10;122.70;163.20;126.50;'Arial';8;0;0;0;0;65535;'D';'';0
'Item.Precio13';'T';148.10;126.70;163.20;130.50;'Arial';8;0;0;0;0;65535;'D';'';0
'Item.Precio14';'T';148.10;130.70;163.20;134.50;'Arial';8;0;0;0;0;65535;'D';'';0
'Item.Precio15';'T';148.10;134.70;163.20;138.50;'Arial';8;0;0;0;0;65535;'D';'';0
'Item.Precio16';'T';148.10;138.70;163.20;142.50;'Arial';8;0;0;0;0;65535;'D';'';0
'Item.Precio17';'T';148.10;142.70;163.20;146.50;'Arial';8;0;0;0;0;65535;'D';'';0
'Item.Precio18';'T';148.10;146.70;163.20;150.50;'Arial';8;0;0;0;0;65535;'D';'';0
'Item.Precio19';'T';148.10;150.70;163.20;154.50;'Arial';8;0;0;0;0;65535;'D';'';0
'Item.Precio20';'T';148.10;154.70;163.20;158.50;'Arial';8;0;0;0;0;65535;'D';'';0
'Item.Precio21';'T';148.10;158.70;163.20;162.50;'Arial';8;0;0;0;0;65535;'D';'';0
'Item.Precio22';'T';148.10;162.70;163.20;166.50;'Arial';8;0;0;0;0;65535;'D';'';0
'Item.Precio23';'T';148.10;166.70;163.20;170.50;'Arial';8;0;0;0;0;65535;'D';'';0
'Item.Precio24';'T';148.10;170.70;163.20;174.50;'Arial';8;0;0;0;0;65535;'D';'';0
'Item.Precio25';'T';148.10;174.70;163.20;178.50;'Arial';8;0;0;0;0;65535;'D';'';0
'Item.Precio26';'T';148.10;178.70;163.20;182.50;'Arial';8;0;0;0;0;65535;'D';'';0
'Item.Precio27';'T';148.10;182.70;163.20;186.50;'Arial';8;0;0;0;0;65535;'D';'';0
'Item.Precio28';'T';148.10;186.70;163.20;190.50;'Arial';8;0;0;0;0;65535;'D';'';0
'Item.Precio29';'T';148.10;190.70;163.20;194.50;'Arial';8;0;0;0;0;65535;'D';'';0
'Item.Precio30';'T';148.10;194.70;163.20;198.50;'Arial';8;0;0;0;0;65535;'D';'';0
'Item.Precio31';'T';148.10;198.70;163.20;202.50;'Arial';8;0;0;0;0;65535;'D';'';0
'Item.Precio32';'T';148.10;202.70;163.20;206.50;'Arial';8;0;0;0;0;65535;'D';'';0
'Item.Precio33';'T';148.10;206.70;163.20;210.50;'Arial';8;0;0;0;0;65535;'D';'';0
'Item.Precio34';'T';148.10;210.70;163.20;214.50;'Arial';8;0;0;0;0;65535;'D';'';0
'Item.Precio35';'T';148.10;214.70;163.20;218.50;'Arial';8;0;0;0;0;65535;'D';'';0
'Item.Precio36';'T';148.10;218.70;163.20;222.50;'Arial';8;0;0;0;0;65535;'D';'';0
'Item.Precio37';'T';148.10;222.70;163.20;226.50;'Arial';8;0;0;0;0;65535;'D';'';0
'Item.Precio38';'T';148.10;226.70;163.20;230.50;'Arial';8;0;0;0;0;65535;'D';'';0
'Item.Precio39';'T';148.10;230.70;163.20;234.50;'Arial';8;0;0;0;0;65535;'D';'';0
'Item.Umed_ds01';'T';34.70;78.70;42.00;82.50;'Arial';8;0;0;0;0;65535;'D';'';0
'Item.Umed_ds02';'T';34.70;82.70;42.00;86.50;'Arial';8;0;0;0;0;65535;'D';'';0
'Item.Umed_ds03';'T';34.70;86.70;42.00;90.50;'Arial';8;0;0;0;0;65535;'D';'';0
'Item.Umed_ds04';'T';34.70;90.70;42.00;94.50;'Arial';8;0;0;0;0;65535;'D';'';0
'Item.Umed_ds05';'T';34.70;94.70;42.00;98.50;'Arial';8;0;0;0;0;65535;'D';'';0
'Item.Umed_ds06';'T';34.70;98.70;42.00;102.50;'Arial';8;0;0;0;0;65535;'D';'';0
'Item.Umed_ds07';'T';34.70;102.70;42.00;106.50;'Arial';8;0;0;0;0;65535;'D';'';0
'Item.Umed_ds08';'T';34.70;106.70;42.00;110.50;'Arial';8;0;0;0;0;65535;'D';'';0
'Item.Umed_ds09';'T';34.70;110.70;42.00;114.50;'Arial';8;0;0;0;0;65535;'D';'';0
'Item.Umed_ds10';'T';34.70;114.70;42.00;118.50;'Arial';8;0;0;0;0;65535;'D';'';0
'Item.Umed_ds11';'T';34.70;118.70;42.00;122.50;'Arial';8;0;0;0;0;65535;'D';'';0
'Item.Umed_ds12';'T';34.70;122.70;42.00;126.50;'Arial';8;0;0;0;0;65535;'D';'';0
'Item.Umed_ds13';'T';34.70;126.70;42.00;130.50;'Arial';8;0;0;0;0;65535;'D';'';0
'Item.Umed_ds14';'T';34.70;130.70;42.00;134.50;'Arial';8;0;0;0;0;65535;'D';'';0
'Item.Umed_ds15';'T';34.70;134.70;42.00;138.50;'Arial';8;0;0;0;0;65535;'D';'';0
'Item.Umed_ds16';'T';34.70;138.70;42.00;142.50;'Arial';8;0;0;0;0;65535;'D';'';0
'Item.Umed_ds17';'T';34.70;142.70;42.00;146.50;'Arial';8;0;0;0;0;65535;'D';'';0
'Item.Umed_ds18';'T';34.70;146.70;42.00;150.50;'Arial';8;0;0;0;0;65535;'D';'';0
'Item.Umed_ds19';'T';34.70;150.70;42.00;154.50;'Arial';8;0;0;0;0;65535;'D';'';0
'Item.Umed_ds20';'T';34.70;154.70;42.00;158.50;'Arial';8;0;0;0;0;65535;'D';'';0
'Item.Umed_ds21';'T';34.70;158.70;42.00;162.50;'Arial';8;0;0;0;0;65535;'D';'';0
'Item.Umed_ds22';'T';34.70;162.70;42.00;166.50;'Arial';8;0;0;0;0;65535;'D';'';0
'Item.Umed_ds23';'T';34.70;166.70;42.00;170.50;'Arial';8;0;0;0;0;65535;'D';'';0
'Item.Umed_ds24';'T';34.70;170.70;42.00;174.50;'Arial';8;0;0;0;0;65535;'D';'';0
'Item.Umed_ds25';'T';34.70;174.70;42.00;178.50;'Arial';8;0;0;0;0;65535;'D';'';0
'Item.Umed_ds26';'T';34.70;178.70;42.00;182.50;'Arial';8;0;0;0;0;65535;'D';'';0
'Item.Umed_ds27';'T';34.70;182.70;42.00;186.50;'Arial';8;0;0;0;0;65535;'D';'';0
'Item.Umed_ds28';'T';34.70;186.70;42.00;190.50;'Arial';8;0;0;0;0;65535;'D';'';0
'Item.Umed_ds29';'T';34.70;190.70;42.00;194.50;'Arial';8;0;0;0;0;65535;'D';'';0
'Item.Umed_ds30';'T';34.70;194.70;42.00;198.50;'Arial';8;0;0;0;0;65535;'D';'';0
'Item.Umed_ds31';'T';34.70;198.70;42.00;202.50;'Arial';8;0;0;0;0;65535;'D';'';0
'Item.Umed_ds32';'T';34.70;202.70;42.00;206.50;'Arial';8;0;0;0;0;65535;'D';'';0
'Item.Umed_ds33';'T';34.70;206.70;42.00;210.50;'Arial';8;0;0;0;0;65535;'D';'';0
'Item.Umed_ds34';'T';34.70;210.70;42.00;214.50;'Arial';8;0;0;0;0;65535;'D';'';0
'Item.Umed_ds35';'T';34.70;214.70;42.00;218.50;'Arial';8;0;0;0;0;65535;'D';'';0
'Item.Umed_ds36';'T';34.70;218.70;42.00;222.50;'Arial';8;0;0;0;0;65535;'D';'';0
'Item.Umed_ds37';'T';34.70;222.70;42.00;226.50;'Arial';8;0;0;0;0;65535;'D';'';0
'Item.Umed_ds38';'T';34.70;226.70;42.00;230.50;'Arial';8;0;0;0;0;65535;'D';'';0
'Item.Umed_ds39';'T';34.70;230.70;42.00;234.50;'Arial';8;0;0;0;0;65535;'D';'';0
'Item.Unidad';'T';32.50;73.30;43.50;78.30;'Arial';8;0;0;0;0;65535;'C';'Unid.';0
'LETRA';'T';98.10;13.90;108.10;15.90;'Arial';16;1;0;0;0;0;'C';'X';2
'Linea.Cantidad';'L';163.70;73.30;163.70;235.50;None;0;0;0;0;0;0;'I';None;3
'Linea.Codigo';'L';33.60;73.30;33.60;235.60;None;0;0;0;0;0;0;'I';None;3
'Linea.Descripcion';'L';147.35;73.50;147.35;235.80;None;0;0;0;0;0;0;'I';None;3
'Linea.Descripcion_copy';'L';136.10;73.30;136.10;235.70;None;0;0;0;0;0;0;'I';None;3
'Linea.Descripcion_copy_copy';'L';122.90;73.50;122.90;235.90;None;0;0;0;0;0;0;'I';None;3
'Linea.Precio';'L';183.50;73.30;183.50;235.50;None;0;0;0;0;0;0;'I';None;3
'Linea.Unidad';'L';42.70;73.40;42.70;235.70;None;0;0;0;0;0;0;'I';None;3
'Linea1';'L';103.70;18.50;103.70;43.70;'Arial';0;0;0;0;0;0;'I';None;3
'Linea2';'L';8.00;43.60;208.00;43.60;None;0;0;0;0;0;0;'I';None;3
'Linea3';'L';8.00;73.30;208.00;73.30;None;0;0;0;0;0;0;'I';None;3
'Linea6';'L';8.10;235.80;208.10;235.80;None;0;0;0;0;0;0;'I';None;3
'Linea9';'L';8.00;78.00;208.00;78.00;None;0;0;0;0;0;0;'I';None;0
'Logo';'I';9.60;9.60;35.80;29.20;None;0;0;0;0;0;0;'I';'plantillas/logo_dario.png';2
'MEMBRETE1';'T';37.80;22.80;101.70;28.00;'Arial';10;0;0;0;0;0;'I';'';2
'MEMBRETE2';'T';9.80;28.10;101.70;33.10;'Arial';10;0;0;0;0;0;'I';'';2
'MEMBRETE3';'T';9.90;33.40;101.80;38.40;'Arial';10;0;0;0;0;0;'I';'';2
'Numero';'T';115.30;19.40;154.70;25.00;'Arial';14;1;0;0;0;0;'I';'0000-00000000';2
'Pagina';'T';151.40;13.80;191.40;17.80;'Arial';8;0;0;0;0;0;'C';'P\xe1gina';2
'Pedido.L';'T';143.10;60.10;158.60;64.10;'Arial';10;0;0;0;0;0;'I';'Pedido:';0
'Periodo.Desde';'T';164.50;64.30;184.50;68.30;'Arial';10.00;0;0;0;0;65535;'I';'01/01/2009';0
'Periodo.Hasta';'T';185.70;64.30;205.70;68.30;'Arial';10.00;0;0;0;0;65535;'I';'31/01/2009';0
'PeriodoFacturadoL';'T';133.30;64.30;161.10;68.30;'Arial';10.00;0;0;0;0;0;'I';'Per\xedodo Facturado';0
'TOTAL';'T';184.10;281.30;207.20;286.10;'Arial';10;1;0;0;0;65535;'D';None;0
'Total.C';'B';182.80;280.60;207.80;286.60;None;0;0;0;0;0;0;'I';None;-1
'Total.L';'T';153.00;280.70;178.60;286.10;'Arial';10;0;0;0;0;0;'I';'Total:';0
'Tributo.Alicuota01';'T';176.70;242.00;187.90;246.00;'Arial';9;0;0;0;0;0;'D';'';0
'Tributo.Alicuota02';'T';176.70;246.20;187.90;250.20;'Arial';9;0;0;0;0;0;'D';'';0
'Tributo.Alicuota03';'T';176.70;250.40;187.90;254.40;'Arial';9;0;0;0;0;0;'D';'';0
'Tributo.Alicuota04';'T';176.70;254.60;187.90;258.60;'Arial';9;0;0;0;0;0;'D';'';0
'Tributo.Descripcion01';'T';153.70;242.00;176.50;246.00;'Arial';9;0;0;0;0;0;'D';'';0
'Tributo.Descripcion02';'T';153.70;246.20;176.50;250.20;'Arial';9;0;0;0;0;0;'D';'';0
'Tributo.Descripcion03';'T';153.70;250.40;176.50;254.40;'Arial';9;0;0;0;0;0;'D';'';0
'Tributo.Descripcion04';'T';153.70;254.60;176.50;258.60;'Arial';9;0;0;0;0;0;'D';'';0
'Tributo.Importe01';'T';188.50;241.90;207.60;245.90;'Arial';9;0;0;0;0;65535;'D';None;0
'Tributo.Importe02';'T';188.50;246.10;207.60;250.10;'Arial';9;0;0;0;0;65535;'D';None;0
'Tributo.Importe03';'T';188.50;250.30;207.60;254.30;'Arial';9;0;0;0;0;65535;'D';None;0
'Tributo.Importe04';'T';188.50;254.50;207.60;258.50;'Arial';9;0;0;0;0;65535;'D';None;0
'Vencimiento';'T';185.70;68.90;205.70;72.90;'Arial';10.00;0;0;0;0;65535;'I';'31/12/2009';0
'VencimientoL';'T';133.30;68.90;180.10;72.90;'Arial';10.00;0;0;0;0;0;'I';'Fecha de Vencimiento de Pago:';0
'copia';'T';115.80;13.80;150.80;17.80;'Arial';8;0;0;0;0;0;'C';'Original';2
'custom-nota1';'T';104.30;274.90;149.40;279.10;'Arial';8;False;False;False;0;16777215;'C';'';0
'custom-nota2';'T';104.30;278.70;149.80;282.90;'Arial';8;False;False;False;0;16777215;'C';'';0
'custom-nota3';'T';104.30;282.50;149.60;286.70;'Arial';8;False;False;False;0;16777215;'C';'';0
'custom-nro-cli';'T';26.50;45.00;44.50;51.00;'Arial';10;0;0;0;0;65535;'I';None;0
'custom-pedido';'T';157.20;60.20;170.60;64.20;'Arial';10;0;0;0;0;65535;'I';'';0
'custom-tit-cond-venta';'T';9.70;66.50;41.50;71.50;'Arial';10;0;0;1;0;0;'I';'Forma de Pago:';0
'custom-tit-transporte';'T';9.30;242.30;35.30;246.30;'Arial';9;0;0;0;0;65535;'I';'Transporte:';0
'custom-tot-porc-2.5iva';'T';177.00;259.10;185.00;263.10;'Arial';9;0;0;0;0;0;'D';'';0
'custom-tot-porc-5iva';'T';176.90;263.40;184.90;267.40;'Arial';9;0;0;0;0;0;'D';'';0
'custom-tot-porc-iva';'T';176.90;271.80;184.90;276.00;'Arial';9;0;0;0;0;0;'D';'';0
'custom-tot-porc-iva';'T';177.00;275.70;185.00;279.90;'Arial';9;0;0;0;0;0;'D';'';0
'custom-tot-porc-niva';'T';177.00;267.50;185.00;271.50;'Arial';9;0;0;0;0;0;'D';'';0
'custom-transporte';'T';35.30;242.20;145.90;246.20;'Arial';9;0;0;0;0;65535;'I';'';0
'descuento';'T';26.80;236.60;49.20;241.30;'Arial';9;0;0;0;0;0;'D';'';0
'descuento.L';'T';9.30;236.60;27.80;241.30;'Arial';9;0;0;0;0;0;'I';'Descuento:';0
'estado';'T';39.50;263.10;92.70;267.10;'Arial';10;1;1;0;0;65535;'I';'';0
'forma_pago';'T';42.70;66.80;94.50;71.80;'Arial';10;0;0;0;0;0;'I';None;0
'iva_cli';'T';27.00;60.10;79.80;65.10;'Arial';10;0;0;0;0;0;'I';None;0
'localidad_cli';'T';27.00;54.60;79.60;60.60;'Arial';10;0;0;0;0;65535;'I';None;0
'motivos_ds2';'T';8.90;253.90;146.20;257.90;'Arial';8;0;1;0;0;0;'I';'';0
'motivos_ds3';'T';8.90;256.90;146.20;260.90;'Arial';8;0;1;0;0;0;'I';'';0
'provincia_cli';'T';100.30;55.10;141.30;61.10;'Arial';10;0;0;0;0;0;'I';None;0
'subtotal';'T';185.40;236.50;207.70;241.30;'Arial';9;0;0;0;0;0;'D';'';0
'subtotal.L';'T';160.10;236.50;184.30;241.30;'Arial';9;0;0;0;0;0;'I';'Subtotal:';0
